Rank,Movie,Release,Distributor,Genre,2019 Gross,Tickets Sold
,,Date,,,,
1,Avengers: Endgame,4/26/2019,Walt Disney,Action,"$858,373,000 ","93,708,843"
2,The Lion King,7/19/2019,Walt Disney,Adventure,"$543,638,043 ","59,349,131"
3,Frozen II,11/22/2019,Walt Disney,Adventure,"$450,439,533 ","49,174,621"
4,Toy Story 4,6/21/2019,Walt Disney,Adventure,"$434,038,008 ","47,384,062"
5,Captain Marvel,3/8/2019,Walt Disney,Action,"$426,829,839 ","46,597,144"
6,Star Wars: The Rise of Skyw…,12/20/2019,Walt Disney,Adventure,"$390,706,234 ","42,653,519"
7,Spider-Man: Far From Home,7/2/2019,Sony Pictures,Action,"$390,532,085 ","42,634,507"
8,Aladdin,5/24/2019,Walt Disney,Adventure,"$355,559,216 ","38,816,508"
9,Joker,10/4/2019,Warner Bros.,Thriller/Suspense,"$333,772,511 ","36,438,047"
10,It: Chapter Two,9/6/2019,Warner Bros.,Horror,"$211,593,228 ","23,099,697"
11,Jumanji: The Next Level,12/13/2019,Sony Pictures,Adventure,"$192,094,536 ","20,971,019"
12,Us,3/22/2019,Universal,Thriller/Suspense,"$175,084,580 ","19,114,037"
13,Fast & Furious Presents: Ho…,8/2/2019,Universal,Action,"$173,956,935 ","18,990,932"
14,John Wick: Chapter 3 — Para…,5/17/2019,Lionsgate,Action,"$171,015,687 ","18,669,834"
15,How to Train Your Dragon: T…,2/22/2019,Universal,Adventure,"$160,799,505 ","17,554,531"
16,The Secret Life of Pets 2,6/7/2019,Universal,Adventure,"$158,874,395 ","17,344,366"
17,Pokémon: Detective Pikachu,5/10/2019,Warner Bros.,Adventure,"$144,105,346 ","15,732,025"
18,Once Upon a Time…in Hollywo…,7/26/2019,Sony Pictures,Thriller/Suspense,"$141,096,530 ","15,403,551"
19,Shazam!,4/5/2019,Warner Bros.,Action,"$140,371,656 ","15,324,417"
21,Knives Out,11/27/2019,Lionsgate,Drama,"$130,119,450 ","14,205,180"
22,Dumbo,3/29/2019,Walt Disney,Adventure,"$114,766,307 ","12,529,073"
23,Maleficent: Mistress of Evil,10/18/2019,Walt Disney,Adventure,"$113,294,737 ","12,368,421"
24,Glass,1/18/2019,Universal,Thriller/Suspense,"$111,048,468 ","12,123,195"
25,Godzilla: King of the Monsters,5/31/2019,Warner Bros.,Action,"$110,500,138 ","12,063,334"
26,Ford v. Ferrari,11/15/2019,20th Century Fox,Drama,"$109,976,339 ","12,006,150"
27,The Upside,1/11/2019,STX Entertainment,Comedy,"$108,235,497 ","11,816,102"
28,The LEGO Movie 2: The Secon…,2/8/2019,Warner Bros.,Adventure,"$105,806,508 ","11,550,929"
29,Hustlers,9/13/2019,STX Entertainment,Drama,"$104,962,986 ","11,458,841"
30,The Addams Family,10/11/2019,United Artists,Adventure,"$97,185,807 ","10,609,804"
31,Downton Abbey,9/20/2019,Focus Features,Drama,"$96,853,865 ","10,573,566"
32,Rocketman,5/31/2019,Paramount Pictures,Drama,"$96,368,160 ","10,520,541"
33,Alita: Battle Angel,2/14/2019,20th Century Fox,Action,"$85,710,210 ","9,357,009"
34,Good Boys,8/16/2019,Universal,Comedy,"$83,140,306 ","9,076,453"
35,Men in Black: International,6/14/2019,Sony Pictures,Adventure,"$80,001,807 ","8,733,821"
36,Annabelle Comes Home,6/26/2019,Warner Bros.,Horror,"$74,152,591 ","8,095,261"
37,Yesterday,6/28/2019,Universal,Romantic Comedy,"$73,286,650 ","8,000,726"
38,Tyler Perry’s A Madea Famil…,3/1/2019,Lionsgate,Comedy,"$73,257,045 ","7,997,493"
39,Zombieland: Double Tap,10/18/2019,Sony Pictures,Comedy,"$73,027,571 ","7,972,442"
40,Little Women,12/25/2019,Sony Pictures,Drama,"$70,502,828 ","7,696,815"
41,Angel Has Fallen,8/23/2019,Lionsgate,Thriller/Suspense,"$69,030,436 ","7,536,073"
42,Scary Stories to Tell in th…,8/9/2019,Lionsgate,Horror,"$68,947,075 ","7,526,973"
43,Dark Phoenix,6/7/2019,20th Century Fox,Action,"$65,845,974 ","7,188,425"
44,Terminator: Dark Fate,11/1/2019,Paramount Pictures,Action,"$62,253,077 ","6,796,187"
45,Abominable,9/27/2019,Universal,Adventure,"$60,679,265 ","6,624,374"
46,Dora and the Lost City of Gold,8/9/2019,Paramount Pictures,Adventure,"$60,477,943 ","6,602,395"
47,A Beautiful Day in the Neig…,11/22/2019,Sony Pictures,Drama,"$58,801,961 ","6,419,428"
48,Midway,11/8/2019,Lionsgate,Action,"$56,547,282 ","6,173,284"
51,The Curse of La Llorona,4/19/2019,Warner Bros.,Horror,"$54,733,739 ","5,975,299"
52,Pet Sematary,4/5/2019,Paramount Pictures,Horror,"$54,724,696 ","5,974,311"
53,What Men Want,2/8/2019,Paramount Pictures,Romantic Comedy,"$54,611,903 ","5,961,998"
55,Ad Astra,9/20/2019,20th Century Fox,Thriller/Suspense,"$50,188,370 ","5,479,079"
56,Isn’t it Romantic,2/13/2019,Warner Bros.,Romantic Comedy,"$48,791,187 ","5,326,549"
57,Gemini Man,10/11/2019,Paramount Pictures,Action,"$48,546,770 ","5,299,865"
58,Spies in Disguise,12/25/2019,20th Century Fox,Adventure,"$47,042,421 ","5,135,635"
59,MA,5/31/2019,Universal,Horror,"$45,896,028 ","5,010,483"
60,Five Feet Apart,3/15/2019,Lionsgate,Drama,"$45,729,221 ","4,992,273"
61,Wonder Park,3/15/2019,Paramount Pictures,Adventure,"$45,216,793 ","4,936,331"
62,Rambo: Last Blood,9/20/2019,Lionsgate,Action,"$44,819,352 ","4,892,942"
63,Playing with Fire,11/8/2019,Paramount Pictures,Comedy,"$44,406,890 ","4,847,913"
64,Harriet,11/1/2019,Focus Features,Drama,"$42,547,700 ","4,644,945"
65,A Dog’s Way Home,1/11/2019,Sony Pictures,Drama,"$41,952,715 ","4,579,990"
66,The Angry Birds Movie 2,8/13/2019,Sony Pictures,Adventure,"$41,657,076 ","4,547,715"
67,Little,4/12/2019,Universal,Comedy,"$40,860,481 ","4,460,751"
68,Queen & Slim,11/27/2019,Universal,Drama,"$40,718,945 ","4,445,300"
69,Breakthrough,4/17/2019,20th Century Fox,Drama,"$40,713,082 ","4,444,659"
71,Crawl,7/12/2019,Paramount Pictures,Horror,"$39,014,193 ","4,259,191"
72,Escape Room,1/4/2019,Sony Pictures,Horror,"$38,762,584 ","4,231,723"
73,Uncut Gems,12/25/2019,A24,Thriller/Suspense,"$36,556,384 ","3,990,871"
74,The Hustle,5/10/2019,United Artists,Comedy,"$35,417,038 ","3,866,488"
75,The Intruder,5/3/2019,Sony Pictures,Thriller/Suspense,"$35,388,976 ","3,863,425"
76,Last Christmas,11/8/2019,Universal,Romantic Comedy,"$35,116,450 ","3,833,674"
77,Overcomer,8/23/2019,Sony Pictures,Drama,"$34,700,142 ","3,788,225"
79,Cold Pursuit,2/8/2019,Lionsgate,Thriller/Suspense,"$32,138,862 ","3,508,609"
80,Doctor Sleep,11/8/2019,Warner Bros.,Horror,"$31,543,097 ","3,443,570"
81,Dragon Ball Super: Broly,1/16/2019,FUNimation,Action,"$30,376,755 ","3,316,239"
82,Long Shot,5/3/2019,Lionsgate,Romantic Comedy,"$30,316,271 ","3,309,636"
83,Child’s Play,6/21/2019,United Artists,Horror,"$29,208,403 ","3,188,690"
84,Ready or Not,8/21/2019,Fox Searchlight,Black Comedy,"$28,714,231 ","3,134,741"
85,21 Bridges,11/22/2019,STX Entertainment,Thriller/Suspense,"$28,265,017 ","3,085,700"
86,Happy Death Day 2U,2/13/2019,Universal,Thriller/Suspense,"$28,148,130 ","3,072,940"
87,Midsommar,7/3/2019,A24,Horror,"$27,426,363 ","2,994,144"
89,The Art of Racing in the Rain,8/9/2019,20th Century Fox,Drama,"$26,402,818 ","2,882,403"
90,Countdown,10/25/2019,STX Entertainment,Horror,"$25,617,813 ","2,796,704"
91,Bombshell,12/13/2019,Lionsgate,Drama,"$24,589,972 ","2,684,494"
92,Judy,9/27/2019,Roadside Attractions,Drama,"$24,027,755 ","2,623,117"
93,Parasite,10/11/2019,Neon,Black Comedy,"$23,850,889 ","2,603,808"
94,Fighting With My Family,2/14/2019,MGM,Comedy,"$22,958,583 ","2,506,395"
96,A Dog’s Journey,5/17/2019,Universal,Drama,"$22,782,371 ","2,487,158"
97,Booksmart,5/24/2019,United Artists,Comedy,"$22,680,962 ","2,476,087"
98,Stuber,7/12/2019,20th Century Fox,Comedy,"$22,370,452 ","2,442,189"
99,47 Meters Down: Uncaged,8/16/2019,Entertainment Stu…,Horror,"$22,260,900 ","2,430,229"
100,Black and Blue,10/25/2019,Sony Pictures,Action,"$22,012,729 ","2,403,136"
101,Hellboy,4/12/2019,Lionsgate,Horror,"$21,903,748 ","2,391,238"
102,Jojo Rabbit,10/18/2019,Fox Searchlight,Black Comedy,"$21,579,550 ","2,355,846"
103,Shaft,6/14/2019,Warner Bros.,Comedy,"$21,360,215 ","2,331,901"
104,The Peanut Butter Falcon,8/9/2019,Roadside Attractions,Adventure,"$20,457,158 ","2,233,314"
105,UglyDolls,5/3/2019,STX Entertainment,Adventure,"$20,150,241 ","2,199,807"
106,Cats,12/20/2019,Universal,Musical,"$19,970,095 ","2,180,141"
107,Unplanned,3/29/2019,Pure Flix Enterta…,Drama,"$19,005,109 ","2,074,793"
110,Richard Jewell,12/13/2019,Warner Bros.,Drama,"$17,822,217 ","1,945,657"
111,Charlie’s Angels,11/15/2019,Sony Pictures,Action,"$17,790,181 ","1,942,159"
112,The Farewell,7/12/2019,A24,Drama,"$17,700,478 ","1,932,366"
113,BrightBurn,5/24/2019,Sony Pictures,Horror,"$17,259,427 ","1,884,216"
114,The Good Liar,11/15/2019,Warner Bros.,Thriller/Suspense,"$16,973,279 ","1,852,978"
115,The Kid Who Would Be King,1/25/2019,20th Century Fox,Adventure,"$16,790,790 ","1,833,055"
116,Missing Link,4/12/2019,United Artists,Adventure,"$16,649,539 ","1,817,635"
117,Late Night,6/7/2019,Amazon Studios,Comedy,"$15,500,045 ","1,692,144"
118,Miss Bala,2/1/2019,Sony Pictures,Action,"$14,998,027 ","1,637,339"
119,The Prodigy,2/8/2019,Orion Pictures,Horror,"$14,856,291 ","1,621,865"
122,Poms,5/10/2019,STX Entertainment,Comedy,"$13,631,124 ","1,488,113"
124,The Kitchen,8/9/2019,Warner Bros.,Drama,"$12,180,032 ","1,329,698"
125,After,4/12/2019,Aviron Pictures,Thriller/Suspense,"$12,138,565 ","1,325,170"
126,Blinded by the Light,8/16/2019,Warner Bros.,Drama,"$11,901,145 ","1,299,252"
128,The Lighthouse,10/18/2019,A24,Drama,"$10,809,320 ","1,180,056"
129,Dark Waters,11/22/2019,Focus Features,Drama,"$10,633,879 ","1,160,904"
130,Greta,3/1/2019,Focus Features,Thriller/Suspense,"$10,544,310 ","1,151,126"
132,The Best of Enemies,4/5/2019,STX Entertainment,Drama,"$10,205,616 ","1,114,150"
133,Black Christmas,12/13/2019,Universal,Horror,"$9,867,670 ","1,077,257"
134,Hotel Mumbai,3/22/2019,Bleecker Street,Thriller/Suspense,"$9,619,500 ","1,050,163"
135,Motherless Brooklyn,11/1/2019,Warner Bros.,Drama,"$9,277,736 ","1,012,853"
136,No Manches Frida 2,3/15/2019,Lionsgate,Comedy,"$9,270,920 ","1,012,109"
137,Where’d You Go Bernadette,8/16/2019,United Artists,Comedy,"$9,198,356 ","1,004,187"
138,Apollo 11,3/8/2019,Neon,Documentary,"$9,040,224 ","986,924"
139,Serenity,1/25/2019,Aviron Pictures,Thriller/Suspense,"$8,547,045 ","933,083"
140,Anna,6/21/2019,Lionsgate,Action,"$7,743,794 ","845,392"
141,Penguins,4/17/2019,Walt Disney,Documentary,"$7,699,452 ","840,552"
142,Brittany Runs a Marathon,8/23/2019,Amazon Studios,Drama,"$7,136,342 ","779,076"
143,The Dead Don’t Die,6/14/2019,Focus Features,Horror,"$6,782,066 ","740,400"
145,Jexi,10/11/2019,Lionsgate,Comedy,"$6,546,159 ","714,646"
147,Run the Race,2/22/2019,Roadside Attractions,Drama,"$6,424,420 ","701,355"
149,The Current War: Director’s…,10/25/2019,101 Studios,Drama,"$5,978,673 ","652,693"
150,Captive State,3/15/2019,Focus Features,Thriller/Suspense,"$5,958,315 ","650,471"
151,The Wandering Earth,2/5/2019,CMC Pictures,Action,"$5,875,487 ","641,428"
152,Arctic Dogs,11/1/2019,Entertainment Stu…,Adventure,"$5,801,249 ","633,324"
153,Gloria Bell,3/8/2019,A24,Drama,"$5,611,123 ","612,568"
154,The Mustang,3/15/2019,Focus Features,Drama,"$5,336,840 ","582,624"
155,The Goldfinch,9/13/2019,Warner Bros.,Drama,"$5,332,621 ","582,164"
157,Don’t Let Go,8/30/2019,OTL Releasing,Thriller/Suspense,"$5,215,062 ","569,330"
158,The Sun is Also a Star,5/17/2019,Warner Bros.,Drama,"$4,950,029 ","540,396"
159,Bring the Soul: The Movie,8/7/2019,Trafalgar Releasing,Documentary,"$4,809,800 ","525,087"
160,Pavarotti,6/7/2019,CBS Films,Documentary,"$4,686,402 ","511,615"
161,Tolkien,5/10/2019,Fox Searchlight,Drama,"$4,535,154 ","495,104"
162,The Last Black Man in San F…,6/7/2019,A24,Drama,"$4,515,719 ","492,982"
163,Amazing Grace,4/5/2019,Neon,Documentary,"$4,450,454 ","485,857"
164,Brian Banks,8/9/2019,Bleecker Street,Drama,"$4,376,820 ","477,818"
165,The Biggest Little Farm,5/10/2019,Neon,Documentary,"$4,367,816 ","476,835"
168,Linda Ronstadt: The Sound o…,9/6/2019,Greenwich,Documentary,"$4,244,894 ","463,416"
169,Gully Boy,2/14/2019,Viva Entertainment,Adventure,"$4,216,437 ","460,309"
170,Uri: The Surgical Strike,1/11/2019,PackYourBag Films,Action,"$4,185,663 ","456,950"
171,Replicas,1/11/2019,Entertainment Stu…,Thriller/Suspense,"$4,046,429 ","441,749"
172,Pain & Glory,10/4/2019,Sony Pictures Cla…,Drama,"$3,967,719 ","433,157"
173,Ne Zha,8/29/2019,Well Go USA,Adventure,"$3,695,533 ","403,442"
174,Mission Mangal,8/15/2019,FIP,Drama,"$3,660,413 ","399,608"
175,War,10/2/2019,Yash Raj Films,Action,"$3,640,355 ","397,418"
176,2019 Oscar Shorts,2/8/2019,ShortsHD,Multiple Genres,"$3,531,093 ","385,490"
177,The Beach Bum,3/29/2019,Neon,Comedy,"$3,502,600 ","382,379"
178,Echo in the Canyon,5/24/2019,Greenwich,Documentary,"$3,355,266 ","366,295"
179,Jay and Silent Bob Reboot,10/15/2019,Fathom Events,Comedy,"$3,258,824 ","355,766"
180,Maiden,6/28/2019,Sony Pictures Cla…,Documentary,"$3,162,490 ","345,250"
181,Honey Boy,11/8/2019,Amazon Studios,Drama,"$2,980,099 ","325,338"
182,Friends 25th: The One With …,9/23/2019,Fathom Events,Comedy,"$2,884,827 ","314,937"
183,IP Man: The Finale,12/25/2019,Well Go USA,Action,"$2,866,676 ","312,955"
185,Kalank,4/17/2019,FIP,Drama,"$2,729,336 ","297,962"
186,Bharat,6/5/2019,Viva Entertainment,Action,"$2,684,911 ","293,112"
187,Everybody Knows,2/8/2019,Focus Features,Drama,"$2,677,805 ","292,337"
188,Tod@s Caen,8/30/2019,Lionsgate,Romantic Comedy,"$2,670,925 ","291,585"
189,Saaho,8/29/2019,Yash Raj Films,Action,"$2,626,284 ","286,712"
191,The Art of Self-Defense,7/12/2019,Bleecker Street,Comedy,"$2,410,914 ","263,200"
192,Arctic,2/1/2019,Bleecker Street,Drama,"$2,409,826 ","263,081"
194,"My People, My Country",10/1/2019,CMC Pictures,Drama,"$2,323,409 ","253,647"
195,Promare,9/17/2019,GKIDS,Adventure,"$2,290,542 ","250,059"
196,Super 30,7/12/2019,Reliance Entertai…,Drama,"$2,269,878 ","247,803"
198,The Fall of the American Em…,5/31/2019,Entertainment One,Comedy,"$2,178,148 ","237,789"
199,Total Dhamaal,2/22/2019,FIP,Comedy,"$2,167,632 ","236,641"
200,Housefull 4,10/25/2019,FIP,Romantic Comedy,"$2,109,160 ","230,257"
202,Luce,8/2/2019,Neon,Thriller/Suspense,"$2,010,613 ","219,499"
203,Chhichhore,9/6/2019,FIP,Comedy,"$2,004,400 ","218,820"
204,Official Secrets,8/30/2019,IFC Films,Thriller/Suspense,"$1,996,766 ","217,987"
205,Better Days,11/8/2019,Well Go USA,Drama,"$1,921,657 ","209,787"
206,Badla,3/8/2019,Zee Studios,Thriller/Suspense,"$1,861,000 ","203,165"
207,The White Crow,4/26/2019,Sony Pictures Cla…,Drama,"$1,827,604 ","199,520"
209,The Other Side of Heaven 2:…,6/28/2019,ArtAffects,Drama,"$1,807,116 ","197,283"
211,Wild Rose,6/21/2019,Neon,Drama,"$1,635,118 ","178,506"
212,Waves,11/15/2019,A24,Musical,"$1,626,272 ","177,540"
213,The Aftermath,3/15/2019,Fox Searchlight,Drama,"$1,618,497 ","176,691"
214,Western Stars,10/25/2019,Warner Bros.,Documentary,"$1,581,681 ","172,673"
215,Red Joan,4/12/2019,IFC Films,Drama,"$1,580,223 ","172,513"
216,After the Wedding,8/9/2019,Sony Pictures Cla…,Drama,"$1,573,276 ","171,755"
217,Extreme Job,1/25/2019,CJ Entertainment,Action,"$1,565,885 ","170,948"
218,The Kid,3/8/2019,Lionsgate,Western,"$1,508,593 ","164,693"
220,Fantastic Fungi,9/20/2019,Area 23a,Documentary,"$1,444,604 ","157,707"
224,1917,12/25/2019,Universal,Thriller/Suspense,"$1,326,178 ","144,779"
225,Never Look Away,1/25/2019,Sony Pictures Cla…,Thriller/Suspense,"$1,303,747 ","142,330"
227,A Hidden Life,12/13/2019,Fox Searchlight,Drama,"$1,274,329 ","139,118"
229,No Safe Spaces,12/6/2019,Atlas Distribution,Documentary,"$1,240,211 ","135,394"
230,High Life,4/5/2019,A24,Adventure,"$1,225,852 ","133,826"
233,Ek Ladki Ko Dekah Toh Aisa …,2/1/2019,FIP,Romantic Comedy,"$1,182,636 ","129,108"
234,PLAYMOBIL,12/6/2019,STX Entertainment,Adventure,"$1,113,885 ","121,603"
236,The Souvenir,5/17/2019,A24,Drama,"$1,030,502 ","112,500"
237,Perfect Strangers,1/11/2019,Lionsgate,Comedy,"$1,014,507 ","110,754"
238,Marianne & Leonard: Words o…,7/5/2019,Roadside Attractions,Documentary,"$1,013,820 ","110,679"
240,RUSH: Cinema Strangiato 2019,8/21/2019,Trafalgar Releasing,Concert/Perfor…,"$958,907 ","104,684"
241,The Fighting Preacher,7/24/2019,Purdie Distribution,Drama,"$955,781 ","104,342"
242,Metallica & San Francisco S…,10/9/2019,Trafalgar Releasing,Concert/Perfor…,"$907,163 ","99,035"
243,Toni Morrison: The Pieces I Am,6/21/2019,Magnolia Pictures,Documentary,"$903,018 ","98,582"
245,Jesus is King,10/25/2019,IMAX Films,Musical,"$850,000 ","92,794"
246,Woman at War,3/1/2019,Magnolia Pictures,Action,"$847,495 ","92,521"
248,Climax,3/1/2019,A24,Drama,"$817,339 ","89,229"
249,Transit,3/1/2019,Music Box Films,Drama,"$815,290 ","89,005"
250,Between Me and My Mind,7/17/2019,Trafalgar Releasing,Documentary,"$813,844 ","88,847"
252,Student of the Year 2,5/10/2019,FIP,Romantic Comedy,"$778,566 ","84,996"
253,The Church,5/24/2019,Indican Pictures,Horror,"$771,645 ","84,240"
254,JONI 75: A Birthday Celebra…,2/7/2019,Trafalgar Releasing,Concert/Perfor…,"$752,205 ","82,118"
256,David Crosby: Remember My Name,7/19/2019,Sony Pictures Cla…,Documentary,"$732,515 ","79,968"
257,Bennett’s War,8/30/2019,ESX Entertainment,Drama,"$725,042 ","79,153"
258,More Than Blue,3/15/2019,China Lion Film D…,Drama,"$722,669 ","78,893"
259,Thank You For Everything,12/25/2019,Entertainment One,Comedy,"$718,321 ","78,419"
260,Honeyland,7/26/2019,Neon,Documentary,"$712,363 ","77,768"
261,The Captain,10/18/2019,Well Go USA,Drama,"$706,572 ","77,136"
262,Non-Fiction,5/3/2019,IFC Films,Comedy,"$704,919 ","76,956"
263,Where’s My Roy Cohn?,9/20/2019,Sony Pictures Cla…,Documentary,"$704,780 ","76,941"
264,Depeche Mode: Spirits in th…,11/21/2019,Trafalgar Releasing,Concert/Perfor…,"$704,744 ","76,937"
265,El Chicano,5/3/2019,Briarcliffe Enter…,Drama,"$700,261 ","76,447"
266,Raise Hell: The Life and Ti…,8/30/2019,Magnolia Pictures,Documentary,"$694,410 ","75,808"
267,The Grizzlies,4/19/2019,Mongrel Media,Drama,"$650,565 ","71,022"
268,Nancy Drew and the Hidden S…,3/15/2019,Warner Bros.,Drama,"$623,088 ","68,023"
270,Miles Davis: Birth of the Cool,8/23/2019,Abramorama Films,Documentary,"$614,201 ","67,052"
271,The Chaperone,3/29/2019,PBS Distribution,Drama,"$600,654 ","65,573"
272,Roger Waters Us + Them,10/2/2019,Trafalgar Releasing,Documentary,"$594,982 ","64,954"
273,Furie,3/1/2019,Well Go USA,Action,"$594,788 ","64,933"
274,Bethany Hamilton: Unstoppable,7/12/2019,Entertainment Stu…,Documentary,"$590,671 ","64,483"
275,The Public,4/5/2019,Universal,Drama,"$573,503 ","62,609"
276,The Sky is Pink,10/11/2019,Gravitas Ventures,Drama,"$555,030 ","60,592"
278,Fiddler: A Miracle of Miracles,8/23/2019,Roadside Attractions,Documentary,"$549,385 ","59,976"
279,Everybody’s Everything,11/12/2019,Gunpowder & Sky,Documentary,"$547,207 ","59,738"
280,Dabangg 3,12/20/2019,Yash Raj Films,Action,"$535,000 ","58,406"
281,Grateful Dead Meet-Up at th…,8/1/2019,Trafalgar Releasing,Documentary,"$534,611 ","58,363"
282,Shadow,5/3/2019,Well Go USA,Action,"$521,396 ","56,920"
283,Long Day’s Journey Into Nig…,4/12/2019,Kino Lorber,Drama,"$521,365 ","56,917"
284,The Spy Behind Home Plate,5/24/2019,The Ciesla Founda…,Documentary,"$519,525 ","56,716"
285,Wild Nights With Emily,4/12/2019,Greenwich,Comedy,"$519,487 ","56,712"
286,Birds of Passage,2/13/2019,The Orchard,Drama,"$507,259 ","55,377"
287,Tel Aviv on Fire,7/26/2019,Cohen Media Group,Romantic Comedy,"$504,443 ","55,070"
289,The Climbers,9/30/2019,Well Go USA,Adventure,"$487,157 ","53,183"
290,The Great Alaskan Race,10/25/2019,P12 Films,Adventure,"$481,924 ","52,611"
291,Exit,8/2/2019,CJ Entertainment,Adventure,"$478,949 ","52,287"
292,CatVideoFest,2/15/2019,Oscilloscope Pict…,Documentary,"$470,923 ","51,410"
294,Panipat,12/6/2019,Reliance Entertai…,Action,"$461,863 ","50,421"
295,Christmas Jars,11/4/2019,Fathom Events,Drama,"$459,466 ","50,160"
296,Dear Comrade,7/26/2019,,Action,"$457,000 ","49,890"
297,Les Misérables - The Staged…,12/6/2019,Trafalgar Releasing,Concert/Perfor…,"$444,150 ","48,487"
298,Teen Spirit,4/12/2019,Bleecker Street,Musical,"$441,366 ","48,184"
299,De De Pyaar De,5/17/2019,Yash Raj Films,Romantic Comedy,"$425,934 ","46,499"
300,En Brazos de un Asesino,12/6/2019,Lionsgate,Thriller/Suspense,"$425,332 ","46,433"
301,Hail Satan?,4/17/2019,Magnolia Pictures,Documentary,"$424,284 ","46,319"
302,Ash is Purest White,3/15/2019,Cohen Media Group,Drama,"$414,578 ","45,259"
303,Union,8/2/2019,Indican Pictures,Drama,"$413,656 ","45,158"
304,The Invisibles,1/25/2019,Greenwich,Documentary,"$408,397 ","44,584"
305,Monos,9/13/2019,Neon,Thriller/Suspense,"$406,473 ","44,374"
306,The Nightingale,8/2/2019,IFC Films,Drama,"$400,741 ","43,749"
307,Mia and the White Lion,4/12/2019,Ledafilms,Drama,"$400,498 ","43,722"
308,The Man Who Killed Don Quixote,4/10/2019,Fathom Events,Drama,"$391,963 ","42,790"
309,The Wedding Guest,3/1/2019,IFC Films,Thriller/Suspense,"$386,166 ","42,157"
310,The Cure: Anniversary 1978-…,7/11/2019,Trafalgar Releasing,Concert/Perfor…,"$378,405 ","41,310"
311,The Hummingbird Project,3/15/2019,The Orchard,Drama,"$371,784 ","40,587"
312,Matthias & Maxime,10/9/2019,Self Distributed,Drama,"$365,918 ","39,947"
313,The Tomorrow Man,5/22/2019,Bleecker Street,Drama,"$354,103 ","38,657"
314,"Cyrano, My Love",10/18/2019,Roadside Attractions,Comedy,"$351,019 ","38,320"
315,Photograph,5/17/2019,Amazon Studios,Drama,"$344,534 ","37,612"
316,Diane,3/29/2019,IFC Films,Drama,"$339,838 ","37,100"
317,Sword of Trust,7/12/2019,IFC Films,Drama,"$322,598 ","35,218"
318,Lucy in the Sky,10/4/2019,Fox Searchlight,Drama,"$319,976 ","34,931"
320,Out of Liberty,9/13/2019,Purdie Distribution,Western,"$317,217 ","34,630"
321,Josh Groban Bridges from Ma…,2/12/2019,Trafalgar Releasing,Concert/Perfor…,"$315,173 ","34,407"
322,K-12,9/5/2019,Abramorama Films,Musical,"$303,230 ","33,103"
323,Aquarela,8/16/2019,Sony Pictures Cla…,Documentary,"$301,429 ","32,907"
324,63 Up,11/27/2019,BritBox,Documentary,"$299,745 ","32,723"
325,Ask Dr. Ruth,5/3/2019,Magnolia Pictures,Documentary,"$297,195 ","32,444"
326,Line Walker 2: Invisible Spy,8/16/2019,Well Go USA,Action,"$296,751 ","32,396"
327,Killerman,8/30/2019,Blue Fox Entertai…,Action,"$291,477 ","31,820"
328,The Bravest,8/9/2019,Sony Pictures,Drama,"$290,217 ","31,683"
329,Khalid: Free Spirit,3/29/2019,Trafalgar Releasing,Documentary,"$284,229 ","31,029"
330,Mike Wallace is Here,7/26/2019,Magnolia Pictures,Documentary,"$281,245 ","30,703"
331,Freaks,9/13/2019,Well Go USA,Thriller/Suspense,"$276,591 ","30,195"
332,Just Mercy,12/25/2019,Warner Bros.,Drama,"$267,881 ","29,245"
334,Her Smell,4/12/2019,Gunpowder & Sky,Drama,"$255,599 ","27,903"
335,One Child Nation,8/9/2019,Amazon Studios,Documentary,"$252,734 ","27,591"
336,I Got The Hook-Up 2,7/12/2019,RLJ Entertainment,Comedy,"$252,293 ","27,542"
337,Lords of Chaos,2/8/2019,Gunpowder & Sky,Thriller/Suspense,"$252,245 ","27,537"
338,Canal Street,1/18/2019,Smith Global Media,Drama,"$251,917 ","27,501"
339,Meeting Gorbachev,5/3/2019,1091 Media,Documentary,"$251,837 ","27,493"
341,311: Enlarged to Show Detail 3,3/11/2019,Trafalgar Releasing,Concert/Perfor…,"$238,791 ","26,068"
342,Give Me Liberty,8/23/2019,Music Box Films,Comedy,"$238,600 ","26,048"
343,American Woman,6/14/2019,Roadside Attractions,Drama,"$236,637 ","25,833"
344,Ashfall,12/20/2019,CJ Entertainment,Action,"$236,183 ","25,784"
345,Pagalpanti,11/22/2019,Eros Entertainment,Comedy,"$227,714 ","24,859"
346,First Love,9/27/2019,Well Go USA,Drama,"$219,680 ","23,982"
347,"The Gangster, The Cop, The …",6/7/2019,Well Go USA,Action,"$216,494 ","23,634"
348,"Faith, Hope & Love",3/15/2019,ArtAffects,Romantic Comedy,"$209,990 ","22,924"
349,Master Z: Ip Man Legacy,4/12/2019,Well Go USA,Action,"$209,454 ","22,866"
350,Play the Flute,1/28/2019,Five & Two Pictures,Drama,"$207,663 ","22,671"
351,The Iron Orchard,2/22/2019,Santa Rita Film Co,Drama,"$204,881 ","22,366"
352,Hesburgh,4/26/2019,O’Malley Creadon …,Documentary,"$204,709 ","22,348"
353,Chasing the Dragon 2: Wild …,6/7/2019,Well Go USA,Action,"$196,634 ","21,466"
354,Family,4/19/2019,Film Arcade,Drama,"$196,322 ","21,432"
356,Synonyms,10/25/2019,Kino Lorber,Drama,"$186,482 ","20,358"
357,The Song of Names,12/25/2019,Sony Pictures Cla…,Drama,"$186,005 ","20,306"
358,To Dust,2/8/2019,Good Deed Enterta…,Drama,"$184,495 ","20,141"
360,Modest Heroes,1/10/2019,GKIDS,Adventure,"$178,027 ","19,435"
361,The Warrior Queen of Jhansi,11/15/2019,Roadside Attractions,Drama,"$177,437 ","19,370"
363,India’s Most Wanted,5/24/2019,FIP,Thriller/Suspense,"$176,858 ","19,307"
364,"Iyengar: The Man, Yoga, The…",4/12/2019,Kino Lorber,Documentary,"$176,387 ","19,256"
365,Tigers Are Not Afraid,8/21/2019,Variance Films,Horror,"$175,559 ","19,165"
366,Frankie,10/25/2019,Sony Pictures Cla…,Drama,"$167,169 ","18,249"
367,The Bad Guys: Reign of Chaos,9/13/2019,CJ Entertainment,Drama,"$166,971 ","18,228"
368,Sunset,3/22/2019,Sony Pictures Cla…,Drama,"$164,717 ","17,982"
369,Them That Follow,8/2/2019,1091 Media,Thriller/Suspense,"$159,218 ","17,381"
370,Money,3/21/2019,CJ Entertainment,Drama,"$155,732 ","17,001"
372,Halston,5/24/2019,1091 Media,Documentary,"$151,991 ","16,592"
373,Peterloo,4/5/2019,Amazon Studios,Drama,"$151,971 ","16,590"
374,Jay Myself,7/31/2019,Oscilloscope Pict…,Documentary,"$151,331 ","16,520"
375,Before You Know It,8/30/2019,1091 Media,Comedy,"$151,307 ","16,518"
376,The River and the Wall,5/3/2019,Gravitas Ventures,Documentary,"$150,816 ","16,464"
377,The Whistleblower,12/6/2019,CMC Pictures,Action,"$150,481 ","16,428"
378,Little Woods,4/19/2019,Neon,Western,"$150,010 ","16,376"
379,Hampstead,6/14/2019,IFC Films,Drama,"$148,636 ","16,226"
381,Trial by Fire,5/17/2019,Roadside Attractions,Drama,"$148,504 ","16,212"
382,Dogman,4/12/2019,Magnolia Pictures,Thriller/Suspense,"$148,225 ","16,181"
384,Framing John DeLorean,6/7/2019,Sundance Selects,Documentary,"$145,626 ","15,898"
386,Who Will Write Our History,1/18/2019,Abramorama Films,Documentary,"$138,039 ","15,069"
387,Rafiki,4/19/2019,Film Movement,Drama,"$137,968 ","15,062"
389,The Other Story,6/28/2019,Strand,Drama,"$134,962 ","14,733"
390,Okko’s Inn,4/22/2019,GKIDS,Adventure,"$134,787 ","14,714"
391,Palau the Movie,4/4/2019,Trafalgar Releasing,Drama,"$134,696 ","14,704"
394,Peppa Celebrates Chinese Ne…,2/6/2019,STX Entertainment,Adventure,"$131,225 ","14,325"
395,Mister America,10/9/2019,Magnolia Pictures,Comedy,"$130,897 ","14,290"
396,The Zoya Factor,9/20/2019,FIP,Romantic Comedy,"$128,831 ","14,064"
399,Mary Magdalene,4/12/2019,IFC Films,Drama,"$124,958 ","13,641"
400,A Tuba to Cuba,2/15/2019,Blue Fox Entertai…,Documentary,"$121,772 ","13,293"
401,Free Trip to Egypt,6/12/2019,Fathom Events,Documentary,"$120,780 ","13,185"
402,"Ruben Brandt, Collector",2/15/2019,Sony Pictures Cla…,Drama,"$117,963 ","12,878"
403,Branagh Theatre Live: The W…,12/4/2019,Trafalgar Releasing,Drama,"$116,877 ","12,759"
404,The Kingmaker,11/8/2019,Greenwich,Documentary,"$115,253 ","12,582"
405,Be Natural: The Untold Stor…,4/19/2019,Zeitgeist,Documentary,"$114,238 ","12,471"
406,Police Story/Police Story 2…,2/1/2019,Janus Films,Action,"$113,224 ","12,360"
407,Babylon (1980),3/8/2019,Self Distributed,Drama,"$109,749 ","11,981"
408,Varda by Agnes,11/22/2019,Janus Films,Documentary,"$107,631 ","11,750"
409,The Brink,3/29/2019,Magnolia Pictures,Documentary,"$106,059 ","11,578"
410,Cold Case Hammarskjold,8/16/2019,Magnolia Pictures,Documentary,"$104,965 ","11,459"
412,Miss & Mrs. Cops,5/10/2019,CJ Entertainment,Comedy,"$103,935 ","11,346"
413,The Divine Fury,8/16/2019,Well Go USA,Action,"$102,982 ","11,242"
414,Cunningham,12/13/2019,Magnolia Pictures,Documentary,"$102,082 ","11,144"
416,The Reports on Sarah and Sa…,6/12/2019,Dada Films,Drama,"$99,958 ","10,912"
417,Walking on Water,5/17/2019,Kino Lorber,Documentary,"$98,358 ","10,737"
418,Tazza: One Eyed Jack,9/20/2019,Well Go USA,Drama,"$97,655 ","10,661"
419,Rojo,7/12/2019,Distrib Films,Drama,"$94,757 ","10,344"
420,The Image Book,1/25/2019,Kino Lorber,Drama,"$93,950 ","10,256"
421,Always Miss You,5/3/2019,China Lion Film D…,Drama,"$91,884 ","10,031"
422,Loopers: The Caddie’s Long …,6/7/2019,Gravitas Ventures,Documentary,"$90,679 ","9,899"
423,My Dear Liar,11/8/2019,CMC Pictures,Drama,"$90,545 ","9,884"
425,The Lumber Baron,5/24/2019,Indican Pictures,Drama,"$87,881 ","9,593"
426,The Chambermaid,6/26/2019,Kino Lorber,Drama,"$86,961 ","9,493"
427,ECCO,8/9/2019,Citadel,Thriller/Suspense,"$86,858 ","9,482"
428,Sonchiriya,3/1/2019,PackYourBag Films,Action,"$86,765 ","9,472"
429,Ramen Shop,3/22/2019,Strand,Drama,"$86,060 ","9,395"
430,The Third Wife,5/15/2019,Film Movement,Drama,"$84,933 ","9,272"
431,Papi Chulo,6/7/2019,Blue Fox Entertai…,Comedy,"$84,703 ","9,247"
432,Woodstock: Three Days That …,5/24/2019,Self Distributed,Documentary,"$84,440 ","9,218"
433,High Strung: Free Dance,10/11/2019,GVN Releasing,Drama,"$83,891 ","9,158"
436,Ms. Purple,9/6/2019,Oscilloscope Pict…,Drama,"$80,657 ","8,805"
437,Mayday Life,5/31/2019,China Lion Film D…,Concert/Perfor…,"$78,966 ","8,620"
440,The Heiresses,1/16/2019,Distrib Films,Drama,"$78,473 ","8,566"
441,A Faithful Man,7/19/2019,Kino Lorber,Romantic Comedy,"$77,776 ","8,490"
442,Fast Color,4/19/2019,Lionsgate,Thriller/Suspense,"$76,916 ","8,396"
443,Clemency,12/27/2019,Neon,Drama,"$76,373 ","8,337"
444,Triple Threat,3/19/2019,Well Go USA,Thriller/Suspense,"$76,289 ","8,328"
445,Savage,5/3/2019,Well Go USA,Thriller/Suspense,"$74,491 ","8,132"
448,Storm Boy,4/5/2019,Good Deed Enterta…,Adventure,"$71,760 ","7,834"
449,3 Faces,3/8/2019,Kino Lorber,Drama,"$71,613 ","7,818"
450,Cliffs of Freedom,3/1/2019,Round Hill Media,Drama,"$71,609 ","7,817"
451,The Battle of Jangsari,10/4/2019,Well Go USA,Drama,"$71,146 ","7,767"
452,Styx,2/27/2019,Film Movement,Drama,"$70,794 ","7,728"
453,Edie,9/6/2019,Music Box Films,Drama,"$70,138 ","7,656"
454,Diamantino,5/24/2019,Kino Lorber,,"$70,088 ","7,651"
455,The Divine Move 2: The Wrat…,11/15/2019,CJ Entertainment,Action,"$67,578 ","7,377"
456,Being Frank,6/14/2019,Film Arcade,Comedy,"$67,343 ","7,351"
458,Working Woman,3/27/2019,Zeitgeist,Drama,"$64,764 ","7,070"
459,Vita & Virginia,8/23/2019,IFC Films,Drama,"$62,350 ","6,806"
460,By the Grace of God,10/18/2019,Music Box Films,Drama,"$61,079 ","6,668"
461,The Mountain,7/26/2019,Kino Lorber,Black Comedy,"$61,035 ","6,663"
462,Wild,4/10/2019,Strand,Drama,"$60,568 ","6,612"
463,Greener Grass,10/18/2019,IFC Films,Comedy,"$57,384 ","6,264"
464,Mickey and the Bear,11/15/2019,Self Distributed,Drama,"$57,188 ","6,243"
465,Invisible Life,12/20/2019,Amazon Studios,Drama,"$53,783 ","5,871"
466,Making Waves: The Art of Ci…,10/25/2019,Matson,Documentary,"$53,144 ","5,801"
467,One Cut of the Dead,9/13/2019,Shudder,Horror,"$52,406 ","5,721"
468,End of the Century,8/16/2019,Cinema Guild,Drama,"$51,212 ","5,590"
469,Charlie Says,5/10/2019,IFC Films,Drama,"$51,044 ","5,572"
470,Mojin: The Worm Valley,1/4/2019,Well Go USA,Action,"$50,933 ","5,560"
472,Ophelia,6/28/2019,IFC Films,Drama,"$50,722 ","5,537"
473,Clinton Road,6/14/2019,Nocturnal Features,Horror,"$50,400 ","5,502"
474,American Dharma,11/1/2019,Utopia,Documentary,"$50,250 ","5,485"
475,"Love, Antosha",8/2/2019,Lurker Films,Documentary,"$50,168 ","5,476"
476,The Bounty Killer,1/25/2019,Indican Pictures,Western,"$48,815 ","5,329"
477,The Queen,6/27/2019,Kino Lorber,Documentary,"$47,818 ","5,220"
478,Under The Silver Lake,4/19/2019,A24,Thriller/Suspense,"$46,083 ","5,030"
479,High on the Hog,4/19/2019,Indican Pictures,Action,"$45,599 ","4,978"
480,The Proposal,5/24/2019,Oscilloscope Pict…,Documentary,"$45,149 ","4,928"
481,The Cave,10/18/2019,National Geograph…,Documentary,"$45,096 ","4,923"
482,What is Democracy,1/16/2019,Zeitgeist,Documentary,"$44,502 ","4,858"
484,Carmine Street Guitars,4/24/2019,Abramorama Films,Documentary,"$44,253 ","4,831"
485,For Sama,7/26/2019,PBS Distribution,Documentary,"$43,796 ","4,781"
486,Fagara,9/13/2019,China Lion Film D…,Drama,"$43,262 ","4,722"
487,Immortal Hero,10/18/2019,Freestyle Releasing,Drama,"$43,059 ","4,700"
488,Midnight Traveler,9/18/2019,Oscilloscope Pict…,Documentary,"$41,265 ","4,504"
489,Aniara,5/17/2019,Magnolia Pictures,Drama,"$40,124 ","4,380"
490,Saint Judy,3/1/2019,Blue Fox Entertai…,Drama,"$39,275 ","4,287"
491,Zilla and Zoe,5/17/2019,Indican Pictures,Comedy,"$39,003 ","4,257"
492,Shed of the Dead,5/17/2019,Indican Pictures,Comedy,"$38,699 ","4,224"
494,Britt-Marie Was Here,9/20/2019,Cohen Media Group,Comedy,"$37,127 ","4,053"
495,The Quiet One,6/21/2019,IFC Films,Documentary,"$37,012 ","4,040"
496,Recorder: The Marion Stokes…,11/15/2019,Zeitgeist,Documentary,"$36,523 ","3,987"
497,The Sower,3/1/2019,Film Movement,Drama,"$36,233 ","3,955"
498,Buñuel in the Labyrinth of …,8/16/2019,GKIDS,Drama,"$36,205 ","3,952"
499,Yardie,3/15/2019,Rialto Pictures,Drama,"$35,632 ","3,889"
500,Loro 1,9/20/2019,IFC Films,Documentary,"$35,613 ","3,887"
501,White Snake,11/15/2019,GKIDS,Drama,"$34,730 ","3,791"
502,Ága,9/4/2019,Big World Pictures,Drama,"$34,131 ","3,726"
504,Killer Unicorn,6/11/2019,Indican Pictures,Horror,"$33,901 ","3,700"
505,The Death of Dick Long,9/27/2019,A24,Black Comedy,"$33,856 ","3,696"
506,Moonlight Sonata: Deafness …,9/13/2019,Abramorama Films,Documentary,"$33,841 ","3,694"
507,The Wild Pear Tree,1/30/2019,Cinema Guild,Drama,"$33,326 ","3,638"
509,An Acceptable Loss,1/18/2019,IFC Films,Thriller/Suspense,"$32,452 ","3,542"
510,10E,9/27/2019,in8 Releasing,Comedy,"$32,413 ","3,538"
511,Desolation Center,9/13/2019,Self Distributed,Documentary,"$32,016 ","3,495"
512,Knife + Heart,3/15/2019,Altered Innocence,Thriller/Suspense,"$31,969 ","3,490"
513,Gift,10/11/2019,Matson,Documentary,"$31,588 ","3,448"
514,Memory: The Origins of Alien,10/4/2019,Screen Media Films,Documentary,"$31,378 ","3,425"
515,Pasolini,5/10/2019,Kino Lorber,Drama,"$30,757 ","3,357"
516,Sorry Angel,2/15/2019,Strand,Drama,"$30,584 ","3,338"
518,The Ground Beneath My Feet,7/26/2019,Strand,Drama,"$29,171 ","3,184"
519,The Wind,4/5/2019,IFC Midnight,Horror,"$28,611 ","3,123"
520,In the Aisles,6/14/2019,Music Box Films,Drama,"$28,394 ","3,099"
521,Kind Hearts and Coronets,11/22/2019,Rialto Pictures,Black Comedy,"$27,893 ","3,045"
522,Hotel by the River,2/15/2019,Cinema Guild,Drama,"$27,832 ","3,038"
523,"Leaving Home, Coming Home: …",5/29/2019,Greenwich,Documentary,"$27,073 ","2,955"
524,The Day Shall Come,9/27/2019,IFC Films,Comedy,"$26,972 ","2,944"
525,Wrestle,2/22/2019,Oscilloscope Pict…,Documentary,"$26,597 ","2,903"
526,Donnybrook,2/15/2019,IFC Films,Drama,"$26,284 ","2,869"
529,Chasing Einstein,9/13/2019,Atlas Distribution,Documentary,"$24,117 ","2,632"
530,The Nun (1966) (Re-Release),1/4/2019,Rialto Pictures,Drama,"$23,972 ","2,617"
532,Piranhas,8/2/2019,Music Box Films,Drama,"$23,494 ","2,564"
534,Célébration,10/2/2019,KimStim,Documentary,"$22,557 ","2,462"
536,Little Joe,12/6/2019,Magnolia Pictures,Drama,"$22,422 ","2,447"
537,Light From Light,11/1/2019,Grasshopper Film,Drama,"$22,360 ","2,441"
540,Wicked Witches,8/9/2019,Nocturnal Features,Horror,"$21,600 ","2,358"
541,Redoubt,10/30/2019,Grasshopper Film,Thriller/Suspense,"$21,556 ","2,353"
542,The Hole in the Ground,3/1/2019,A24,Horror,"$21,072 ","2,300"
543,The Gospel of Eureka,2/8/2019,Kino Lorber,Documentary,"$20,873 ","2,278"
544,The All Americans,11/8/2019,Abramorama Films,Documentary,"$20,322 ","2,218"
545,The Disappearance of my Mother,12/6/2019,Kino Lorber,Documentary,"$20,293 ","2,215"
546,The Sound of Silence,9/13/2019,IFC Films,Drama,"$20,171 ","2,202"
547,Prassthanam,9/20/2019,PackYourBag Films,Drama,"$19,984 ","2,181"
548,Midnight Family,12/6/2019,1091 Media,Documentary,"$19,983 ","2,181"
549,Tremors,11/29/2019,Film Movement,Drama,"$19,562 ","2,135"
550,Out of Blue,3/22/2019,IFC Films,Drama,"$18,779 ","2,050"
551,Scandalous: The Untold Stor…,11/15/2019,Magnolia Pictures,Documentary,"$18,759 ","2,047"
552,Before Stonewall,6/21/2019,First Run Features,Documentary,"$18,724 ","2,044"
553,Midnight Diner,9/20/2019,Well Go USA,Drama,"$18,555 ","2,025"
554,"Phoenix, Oregon",4/26/2019,Joma Films,Comedy,"$18,356 ","2,003"
557,Citizen K,11/22/2019,Greenwich,Documentary,"$17,704 ","1,932"
559,Chained for Life,9/11/2019,Kino Lorber,Black Comedy,"$17,370 ","1,896"
560,Ode to Joy,8/9/2019,IFC Films,Comedy,"$17,303 ","1,888"
561,Joseph Pulitzer: Voice of t…,3/1/2019,First Run Features,Documentary,"$16,971 ","1,852"
562,Balloon,9/6/2019,Distrib Films,Thriller/Suspense,"$16,792 ","1,833"
563,Three Peaks,6/28/2019,Greenwich,Drama,"$16,216 ","1,770"
564,Virginia Minnesota,3/1/2019,Indican Pictures,Comedy,"$16,118 ","1,759"
565,Piercing,2/1/2019,Greenwich,Horror,"$15,856 ","1,731"
566,Starfish,3/15/2019,Self Distributed,Horror,"$15,850 ","1,730"
567,Funan,6/7/2019,GKIDS,Drama,"$15,152 ","1,654"
568,Wrinkles the Clown,10/4/2019,Magnolia Pictures,Documentary,"$14,938 ","1,630"
569,ZZ Top: That Little Ol’ Ban…,8/19/2019,Abramorama Films,Documentary,"$14,879 ","1,624"
571,Our Time,6/14/2019,Monument Releasing,Drama,"$14,777 ","1,613"
572,Giant Little Ones,3/1/2019,Vertical Entertai…,Drama,"$14,500 ","1,582"
574,The Woman Who Loves Giraffes,10/4/2019,Zeitgeist,Documentary,"$14,350 ","1,566"
575,Combat Obscura,3/15/2019,Oscilloscope Pict…,Documentary,"$14,242 ","1,554"
576,Screwball,3/29/2019,Greenwich,Multiple Genres,"$13,967 ","1,524"
577,Touch Me Not,1/11/2019,Kino Lorber,Documentary,"$13,782 ","1,504"
578,This One’s For The Ladies,6/7/2019,Super LTD,Documentary,"$13,688 ","1,494"
582,Rapid Response,9/6/2019,Atlas Distribution,Documentary,"$13,262 ","1,447"
583,Hagazussa: A Heathen’s Curse,4/19/2019,Doppelganger Rele…,Horror,"$13,253 ","1,446"
584,Off Season,3/15/2019,Indican Pictures,Thriller/Suspense,"$12,544 ","1,369"
585,Sympathy For the Devil,11/27/2019,Entertainment One,Action,"$12,144 ","1,325"
586,Zen for Nothing,3/29/2019,Zeitgeist,Documentary,"$12,107 ","1,321"
587,Imprisoned,9/13/2019,Cinema Libre,Thriller/Suspense,"$12,049 ","1,315"
588,Cassandro the Exotico,7/19/2019,Film Movement,Documentary,"$11,897 ","1,298"
589,Hollywould,11/15/2019,Indican Pictures,Thriller/Suspense,"$11,888 ","1,297"
590,Stuffed,10/16/2019,Music Box Films,Documentary,"$11,683 ","1,275"
591,Yomeddine,5/31/2019,Strand,Adventure,"$11,308 ","1,234"
592,I Do Not Care If We Go Down…,7/19/2019,Big World Pictures,Black Comedy,"$11,307 ","1,234"
593,Made Me Do It,4/12/2019,Indican Pictures,Horror,"$11,151 ","1,217"
594,Ferrante Fever,3/8/2019,Greenwich,Documentary,"$11,137 ","1,215"
595,If the Dancer Dances,4/26/2019,Monument Releasing,Documentary,"$10,912 ","1,191"
596,Vision Portraits,8/9/2019,Self Distributed,Documentary,"$10,771 ","1,175"
597,Prescience,10/25/2019,Indican Pictures,Drama,"$10,606 ","1,157"
598,Suburban Birds,4/5/2019,Cinema Guild,Drama,"$10,364 ","1,131"
599,The Eyes of Orson Welles,3/15/2019,Janus Films,Documentary,"$10,252 ","1,119"
601,Shooting the Mafia,11/22/2019,Cohen Media Group,Documentary,"$9,988 ","1,090"
603,Streetwise,7/19/2019,Janus Films,Documentary,"$9,904 ","1,081"
605,Fritz Lang’s Indian Epic,9/27/2019,Film Movement,,"$9,345 ","1,020"
606,When Lambs Become Lions,11/22/2019,Oscilloscope Pict…,Documentary,"$9,337 ","1,019"
608,The Aspern Papers,1/11/2019,Cohen Media Group,Drama,"$9,277 ","1,012"
610,Cracked Up,9/13/2019,Abramorama Films,Documentary,"$9,197 ","1,004"
612,"Frantz Fanon: Black Skin, W…",3/15/2019,Film Movement,Documentary,"$9,025 ",985
613,Grass,4/19/2019,Cinema Guild,Drama,"$8,969 ",979
614,That Pärt Feeling—The Unive…,5/24/2019,Film Movement,Documentary,"$8,818 ",962
615,The Dead Center,10/11/2019,Arrow Releasing,Thriller/Suspense,"$8,320 ",908
616,This Magnificent Cake!,3/1/2019,GKIDS,,"$7,888 ",861
617,Ghost Fleet,6/7/2019,Abramorama Films,Documentary,"$7,850 ",856
618,Girls of the Sun,4/12/2019,Cohen Media Group,Drama,"$7,801 ",851
620,I’ll Take Your Dead,7/5/2019,Breakthrough Ente…,Horror,"$7,692 ",839
621,Beloved Beast,10/11/2019,Indican Pictures,Horror,"$7,301 ",797
622,My Son,5/10/2019,Cohen Media Group,Thriller/Suspense,"$6,984 ",762
623,Rosie,7/19/2019,Blue Fox Entertai…,Drama,"$6,839 ",746
624,Genesis,8/23/2019,Film Movement,Drama,"$6,784 ",740
625,Dying to Survive,8/9/2019,China Lion Film D…,Drama,"$6,752 ",737
627,Under the Eiffel Tower,2/8/2019,The Orchard,Romantic Comedy,"$6,291 ",686
628,To Be of Service,11/1/2019,First Run Features,Documentary,"$6,173 ",673
629,Relaxer,3/22/2019,Oscilloscope Pict…,Comedy,"$6,133 ",669
631,The Golden Glove,9/27/2019,Strand,Drama,"$5,963 ",650
635,The Miracle of the Little P…,8/28/2019,Film Movement,Documentary,"$5,553 ",606
637,Spiral Farm,12/13/2019,Indican Pictures,Drama,"$5,475 ",597
638,Daughter of Mine,2/1/2019,Strand,Drama,"$5,447 ",594
639,100 Acres of Hell,10/11/2019,Indican Pictures,Horror,"$5,152 ",562
640,Body at Brighton Rock,4/26/2019,Magnolia Pictures,Thriller/Suspense,"$5,123 ",559
643,Crepitus,11/1/2019,Indican Pictures,Horror,"$4,846 ",529
644,Ballet Blanc,11/8/2019,Indican Pictures,Horror,"$4,832 ",527
645,What You Gonna Do When The …,8/16/2019,KimStim,Documentary,"$4,672 ",510
646,Slaughterhouse Rulez,5/17/2019,Sony Pictures,Action,"$4,665 ",509
647,At War,7/19/2019,Cinema Libre,Drama,"$4,605 ",502
648,I’m Leaving Now,9/6/2019,Cinema Guild,Documentary,"$4,443 ",485
649,Tito and the Birds,1/25/2019,Shout! Factory,Adventure,"$4,332 ",472
650,The Fate of Lee Khan (1973)…,4/5/2019,Film Movement,Action,"$4,295 ",468
651,The Gliksmans,9/27/2019,Indican Pictures,Comedy,"$4,080 ",445
653,Mother of a Day,5/4/2019,Sumbadhat Product…,Comedy,"$3,919 ",427
654,Crown Vic,11/8/2019,Screen Media Films,Action,"$3,868 ",422
655,The Wandering Soap Opera,5/17/2019,Cinema Guild,Comedy,"$3,542 ",386
656,Another Day of Life,9/13/2019,GKIDS,Drama,"$3,190 ",348
657,Chasing Portraits,2/26/2019,First Run Features,Documentary,"$3,076 ",335
660,Back to the Fatherland,6/14/2019,First Run Features,Documentary,"$2,697 ",294
662,TINY: The Life of Erin Blac…,7/19/2019,Janus Films,Documentary,"$2,465 ",269
663,Serendipity,10/18/2019,Cohen Media Group,Documentary,"$2,213 ",241
664,A German Youth,10/11/2019,Big World Pictures,Documentary,"$2,177 ",237
665,Iceman,3/15/2019,Film Movement,Thriller/Suspense,"$2,138 ",233
666,Jihadists,1/25/2019,Cinema Libre,Documentary,"$1,939 ",211
667,In Safe Hands,7/26/2019,Distrib Films,Drama,"$1,737 ",189
668,Little Q,12/6/2019,Well Go USA,Drama,"$1,652 ",180
669,The Killing Floor,11/22/2019,Film Movement,Drama,"$1,583 ",172
671,State Like Sleep,1/4/2019,The Orchard,Drama,"$1,469 ",160
672,The Hours and Times,3/1/2019,Oscilloscope Pict…,Drama,"$1,273 ",138
673,Chinese Portrait,12/13/2019,Cinema Guild,Documentary,"$1,246 ",136
674,A Fish in the Bathtub,11/8/2019,Cohen Media Group,Comedy,"$1,237 ",135
1,Black Widow,7/9/2021,Walt Disney,Action,"$182,690,466 ","19,944,374"
2,F9: The Fast Saga,6/25/2021,Universal,Action,"$172,875,655 ","18,872,888"
3,A Quiet Place: Part II,5/28/2021,Paramount Pictures,Horror,"$160,072,261 ","17,475,137"
4,Jungle Cruise,7/30/2021,Walt Disney,Adventure,"$106,796,002 ","11,658,952"
5,Godzilla vs. Kong,3/31/2021,Warner Bros.,Action,"$100,563,133 ","10,978,507"
6,Shang-Chi and the Legend of…,9/3/2021,Walt Disney,Action,"$94,672,848 ","10,335,463"
7,Free Guy,8/13/2021,20th Century Studios,Action,"$94,411,214 ","10,306,901"
8,Cruella,5/28/2021,Walt Disney,Comedy,"$86,082,511 ","9,397,654"
9,Space Jam: A New Legacy,7/16/2021,Warner Bros.,Comedy,"$70,117,406 ","7,654,738"
10,The Conjuring: The Devil Ma…,6/4/2021,Warner Bros.,Horror,"$65,565,074 ","7,157,759"
11,The Boss Baby: Family Business,7/2/2021,Universal,Adventure,"$57,018,495 ","6,224,726"
12,Raya and the Last Dragon,3/5/2021,Walt Disney,Adventure,"$54,723,032 ","5,974,130"
13,The Suicide Squad,8/6/2021,Warner Bros.,Action,"$54,653,214 ","5,966,508"
14,Demon Slayer The Movie: Mug…,4/23/2021,FUNimation,Adventure,"$47,700,000 ","5,207,423"
15,Old,7/23/2021,Universal,Thriller/Suspense,"$47,391,515 ","5,173,746"
16,Tom and Jerry,2/26/2021,Warner Bros.,Adventure,"$46,000,271 ","5,021,863"
17,The Forever Purge,7/2/2021,Universal,Horror,"$44,461,970 ","4,853,926"
18,Mortal Kombat,4/23/2021,Warner Bros.,Action,"$42,201,013 ","4,607,097"
19,Candyman,8/27/2021,Universal,Horror,"$41,020,820 ","4,478,255"
20,Peter Rabbit 2: The Runaway,6/11/2021,Sony Pictures,Adventure,"$40,391,464 ","4,409,548"
21,The Hitman’s Wife’s Bodygua…,6/16/2021,Lionsgate,Comedy,"$38,014,727 ","4,150,079"
22,PAW Patrol: The Movie,8/20/2021,Paramount Pictures,Adventure,"$31,670,418 ","3,457,469"
23,In the Heights,6/10/2021,Warner Bros.,Musical,"$29,879,041 ","3,261,904"
24,Don’t Breathe 2,8/13/2021,Sony Pictures,Horror,"$28,554,361 ","3,117,288"
25,Snake Eyes: G.I. Joe Origins,7/23/2021,Paramount Pictures,Action,"$28,264,325 ","3,085,625"
26,Wrath of Man,5/7/2021,United Artists,Action,"$27,466,489 ","2,998,525"
27,Nobody,3/26/2021,Universal,Thriller/Suspense,"$27,268,035 ","2,976,859"
28,Escape Room: Tournament of …,7/16/2021,Sony Pictures,Horror,"$25,188,958 ","2,749,886"
30,Spiral,5/14/2021,Lionsgate,Horror,"$23,216,862 ","2,534,591"
31,Respect,8/13/2021,United Artists,Drama,"$22,289,575 ","2,433,359"
33,Spirit Untamed,6/4/2021,Universal,Adventure,"$17,635,215 ","1,925,241"
34,The Green Knight,7/30/2021,A24,Adventure,"$17,007,975 ","1,856,765"
35,The Marksman,1/15/2021,Open Road,Action,"$15,566,093 ","1,699,355"
36,The Unholy,4/2/2021,Sony Pictures,Horror,"$15,530,440 ","1,695,462"
37,The Little Things,1/29/2021,Warner Bros.,Thriller/Suspense,"$15,245,157 ","1,664,318"
39,Chaos Walking,3/5/2021,Lionsgate,Action,"$13,287,908 ","1,450,644"
42,Those Who Wish Me Dead,5/14/2021,Warner Bros.,Thriller/Suspense,"$7,347,103 ","802,085"
44,The Protégé,8/20/2021,Lionsgate,Action,"$7,016,429 ","765,985"
45,The Courier,3/19/2021,Roadside Attractions,Thriller/Suspense,"$6,613,432 ","721,990"
46,The Night House,8/20/2021,Searchlight Pictures,Horror,"$6,395,705 ","698,221"
47,Judas and the Black Messiah,2/12/2021,Warner Bros.,Drama,"$5,453,633 ","595,374"
48,Roadrunner: A Film About An…,7/16/2021,Focus Features,Documentary,"$5,249,970 ","573,140"
49,Zola,6/30/2021,A24,Drama,"$4,844,399 ","528,864"
51,Separation,4/30/2021,Open Road,Horror,"$4,509,143 ","492,264"
52,Boogie,3/5/2021,Focus Features,Drama,"$4,178,620 ","456,181"
53,Reminiscence,8/20/2021,Warner Bros.,Thriller/Suspense,"$3,853,895 ","420,730"
54,12 Mighty Orphans,6/11/2021,Sony Pictures Cla…,Drama,"$3,653,467 ","398,850"
56,Pig,7/16/2021,Neon,Drama,"$3,180,009 ","347,162"
57,The Girl Who Believes In Mi…,4/2/2021,Atlas Distribution,Drama,"$3,163,362 ","345,345"
58,Voyagers,4/9/2021,Lionsgate,Thriller/Suspense,"$3,149,935 ","343,879"
60,Dream Horse,5/21/2021,Bleecker Street,Drama,"$2,913,328 ","318,048"
61,The House Next Door: Meet t…,6/11/2021,HEFG Releasing,Comedy,"$2,893,660 ","315,901"
62,Here Today,5/7/2021,Sony Pictures,Comedy,"$2,785,942 ","304,142"
63,Finding You,5/14/2021,Roadside Attractions,Drama,"$2,753,985 ","300,653"
65,Land,2/12/2021,Focus Features,Drama,"$2,577,830 ","281,422"
67,"Summer of Soul (…Or, When t…",7/2/2021,Searchlight Pictures,Documentary,"$2,320,649 ","253,345"
68,Nomadland,2/19/2021,Searchlight Pictures,Drama,"$2,180,000 ","237,991"
69,The Father,3/12/2021,Sony Pictures Cla…,Drama,"$2,120,992 ","231,549"
70,Queen Bees,6/11/2021,Gravitas Ventures,Comedy,"$1,926,706 ","210,339"
71,Profile,5/14/2021,Focus Features,Thriller/Suspense,"$1,744,740 ","190,473"
72,Together Together,4/23/2021,Bleecker Street,Comedy,"$1,436,324 ","156,803"
73,Joe Bell,7/23/2021,Roadside Attractions,Drama,"$1,405,488 ","153,437"
74,Wrong Turn,1/26/2021,Saban Films,Horror,"$1,251,184 ","136,592"
76,In the Earth,4/16/2021,Neon,Horror,"$1,113,722 ","121,585"
79,Witnesses,6/4/2021,Purdie Distribution,Drama,"$855,765 ","93,424"
81,Four Good Days,4/30/2021,Vertical Entertai…,Drama,"$837,849 ","91,468"
82,The Mauritanian,2/12/2021,STX Entertainment,Drama,"$836,536 ","91,324"
83,Lamb of God: The Concert Film,3/12/2021,Purdie Distribution,Concert/Perfor…,"$744,812 ","81,311"
84,A Rescue of Little Eggs,8/27/2021,Lionsgate,Comedy,"$743,335 ","81,150"
85,French Exit,2/12/2021,Sony Pictures Cla…,Comedy,"$741,895 ","80,992"
86,Our Friend,1/22/2021,Roadside Attractions,Drama,"$657,351 ","71,763"
87,Nine Days,7/30/2021,Sony Pictures Cla…,Drama,"$651,438 ","71,117"
88,The Sparks Brothers,6/18/2021,Focus Features,Documentary,"$637,665 ","69,614"
89,Werewolves Within,6/25/2021,IFC Films,Horror,"$575,783 ","62,858"
90,City of Lies,3/19/2021,Saban Films,Drama,"$572,493 ","62,499"
91,Long Weekend,3/12/2021,Sony Pictures,Romantic Comedy,"$528,438 ","57,689"
92,The Truffle Hunters,3/5/2021,Sony Pictures Cla…,Documentary,"$521,202 ","56,899"
93,Jathi Ratnalu,3/12/2021,Self Distributed,Comedy,"$460,000 ","50,218"
94,2021 Oscar Shorts,4/2/2021,ShortsHD,Multiple Genres,"$443,050 ","48,367"
95,Willy’s Wonderland,2/12/2021,Screen Media Films,Horror,"$418,286 ","45,664"
96,Crisis,2/25/2021,Quiver,Thriller/Suspense,"$409,363 ","44,690"
97,The Dry,5/21/2021,IFC Films,Thriller/Suspense,"$364,397 ","39,781"
98,The Water Man,5/7/2021,RLJ Entertainment,Drama,"$354,087 ","38,655"
99,Bo Gia,5/28/2021,,Comedy,"$350,000 ","38,209"
102,Raging Fire,8/13/2021,Well Go USA,Action,"$325,806 ","35,568"
103,Dutch,3/12/2021,Faith Media Distr…,Thriller/Suspense,"$323,167 ","35,280"
104,Final Account,5/21/2021,Focus Features,Documentary,"$308,976 ","33,731"
105,New Order,5/21/2021,Neon,Thriller/Suspense,"$304,167 ","33,206"
106,Escape From Mogadishu,8/6/2021,Well Go USA,Action,"$297,482 ","32,476"
107,Flag Day,8/20/2021,United Artists,Drama,"$296,132 ","32,328"
108,Blithe Spirit,2/19/2021,IFC Films,Comedy,"$282,499 ","30,840"
109,American Skin,1/15/2021,Vertical Entertai…,Drama,"$282,332 ","30,822"
111,Rita Moreno: Just a Girl Wh…,6/18/2021,Roadside Attractions,Documentary,"$264,626 ","28,889"
112,Once I Was Engaged,7/21/2021,Purdie Distribution,Comedy,"$254,775 ","27,813"
114,Supernova,1/29/2021,Bleecker Street,Drama,"$234,220 ","25,569"
115,Limbo,4/30/2021,Focus Features,Drama,"$224,405 ","24,498"
117,Ailey,7/23/2021,Neon,Documentary,"$197,638 ","21,576"
118,The Resort,4/30/2021,Vertical Entertai…,Horror,"$191,996 ","20,960"
119,La piscine,5/14/2021,Rialto Pictures,Drama,"$191,925 ","20,952"
121,Together,8/27/2021,Bleecker Street,Comedy,"$183,578 ","20,041"
122,The Lost Leonardo,8/13/2021,Sony Pictures Cla…,Documentary,"$177,392 ","19,365"
123,Earwig and the Witch,2/3/2021,GKIDS,Adventure,"$173,704 ","18,963"
125,Shiva Baby,4/2/2021,Utopia,Comedy,"$156,552 ","17,090"
126,Beans,3/30/2021,Mongrel Media,Drama,"$148,985 ","16,264"
128,SAS: Red Notice,4/16/2021,Vertical Entertai…,Action,"$146,329 ","15,974"
129,The Reckoning,2/5/2021,RLJ Entertainment,Horror,"$143,532 ","15,669"
130,Held,4/9/2021,Magnolia Pictures,Horror,"$142,817 ","15,591"
131,No Man’s Land,1/22/2021,IFC Films,Western,"$139,221 ","15,198"
132,Six Minutes to Midnight,3/26/2021,IFC Films,Thriller/Suspense,"$132,500 ","14,465"
133,Gaia,6/18/2021,Neon,Horror,"$126,126 ","13,769"
134,The Djinn,5/14/2021,IFC Midnight,Horror,"$124,649 ","13,607"
135,Walking with Herb,5/7/2021,Aloha Releasing,Comedy,"$120,226 ","13,125"
136,Shadow in the Cloud,1/1/2021,Vertical Entertai…,Action,"$117,815 ","12,861"
137,Swan Song,8/6/2021,Magnolia Pictures,Drama,"$114,220 ","12,469"
138,Gunda,4/16/2021,Neon,Documentary,"$113,591 ","12,400"
139,The World to Come,2/12/2021,Bleecker Street,Drama,"$113,079 ","12,344"
140,The Paper Tigers,5/7/2021,Well Go USA,Action,"$112,691 ","12,302"
141,The Loneliest Whale: The Se…,7/9/2021,Bleecker Street,Documentary,"$107,799 ","11,768"
142,Safer at Home,2/26/2021,Vertical Entertai…,Thriller/Suspense,"$95,643 ","10,441"
143,Psycho Goreman,1/22/2021,RLJ Entertainment,Horror,"$95,100 ","10,382"
144,Censor,6/11/2021,Magnolia Pictures,Horror,"$90,050 ","9,830"
145,Mission Stories,5/7/2021,Excel Entertainment,Drama,"$87,059 ","9,504"
147,Undine,6/4/2021,IFC Films,Drama,"$79,174 ","8,643"
148,Riders of Justice,5/14/2021,Magnet Releasing,Comedy,"$77,115 ","8,418"
149,CatVideoFest,7/23/2021,Oscilloscope Pict…,Documentary,"$73,015 ","7,971"
150,The Killing of Two Lovers,5/14/2021,Neon,Drama,"$72,110 ","7,872"
151,Summertime,7/9/2021,Good Deed Enterta…,Drama,"$72,012 ","7,861"
152,Summer of 85,6/18/2021,Music Box Films,Drama,"$70,992 ","7,750"
154,Silo,5/7/2021,Oscilloscope Pict…,Drama,"$62,873 ","6,863"
155,Come True,3/12/2021,IFC Midnight,Horror,"$62,080 ","6,777"
156,Demonic,8/20/2021,IFC Midnight,Horror,"$61,195 ","6,680"
157,Lansky,6/25/2021,Vertical Entertai…,Thriller/Suspense,"$61,030 ","6,662"
159,Son,3/5/2021,RLJ Entertainment,Horror,"$55,068 ","6,011"
160,My Salinger Year,3/5/2021,IFC Films,Drama,"$54,730 ","5,974"
161,Truman & Tennessee: An Inti…,6/17/2021,Kino Lorber,Documentary,"$54,149 ","5,911"
163,Dara Of Jasenovac,2/5/2021,101 Studios,Drama,"$52,786 ","5,762"
164,My Zoe,2/26/2021,Blue Fox Entertai…,Thriller/Suspense,"$52,733 ","5,756"
165,About Endlessness,4/30/2021,Magnolia Pictures,Drama,"$51,386 ","5,609"
166,The Vigil,2/26/2021,IFC Midnight,Horror,"$50,439 ","5,506"
167,Without Getting Killed or C…,7/23/2021,Good Deed Enterta…,Documentary,"$48,313 ","5,274"
168,Last Call,3/19/2021,IFC Films,Comedy,"$48,144 ","5,255"
169,Ema,8/13/2021,Music Box Films,Drama,"$47,783 ","5,216"
170,MLK/FBI,1/15/2021,IFC Films,Documentary,"$45,200 ","4,934"
171,Some Kind of Heaven,1/8/2021,Magnolia Pictures,Documentary,"$45,068 ","4,920"
172,Death Rider in the House of…,8/20/2021,Atlas Distribution,Horror,"$44,736 ","4,883"
174,Senior Moment,3/26/2021,Screen Media Films,Comedy,"$41,598 ","4,541"
175,Little Fish,2/5/2021,IFC Films,Drama,"$39,053 ","4,263"
176,"All Light, Everywhere",6/4/2021,Super LTD,Documentary,"$37,266 ","4,068"
177,The Human Factor,5/7/2021,Sony Pictures Cla…,Documentary,"$36,693 ","4,005"
178,On Broadway,8/20/2021,Kino Lorber,Documentary,"$36,368 ","3,970"
180,Mainstream,5/7/2021,IFC Films,Comedy,"$35,481 ","3,873"
181,Bloody Hell,1/14/2021,Entertainment Squad,Horror,"$33,170 ","3,621"
182,The God Committee,7/2/2021,Vertical Entertai…,Thriller/Suspense,"$32,934 ","3,595"
183,Monday,4/16/2021,IFC Films,Drama,"$30,932 ","3,376"
184,The Perfect Candidate,5/14/2021,Music Box Films,Drama,"$30,134 ","3,289"
185,Confetti,8/20/2021,Dada Films,Drama,"$29,842 ","3,257"
186,Trigger Point,4/16/2021,Screen Media Films,Action,"$29,262 ","3,194"
187,Cryptozoo,8/20/2021,Magnolia Pictures,Adventure,"$29,225 ","3,190"
188,Settlers,7/23/2021,IFC Midnight,Western,"$29,183 ","3,185"
189,Mama Weed,7/16/2021,Music Box Films,Comedy,"$29,040 ","3,170"
190,Holler,6/11/2021,IFC Films,Drama,"$28,706 ","3,133"
191,Jakob’s Wife,4/16/2021,RLJ Entertainment,Horror,"$27,588 ","3,011"
192,Our Ladies,6/18/2021,Sony Pictures,Comedy,"$27,558 ","3,008"
193,The Night,1/29/2021,IFC Midnight,Thriller/Suspense,"$26,136 ","2,853"
194,Tango Shalom,9/3/2021,Vision Films,Comedy,"$25,350 ","2,767"
195,John and the Hole,8/6/2021,IFC Films,Thriller/Suspense,"$25,327 ","2,764"
196,Moffie,4/9/2021,IFC Films,Drama,"$24,520 ","2,676"
197,The Violent Heart,2/19/2021,Gravitas Ventures,Thriller/Suspense,"$23,614 ","2,577"
198,Gully,6/4/2021,Vertical Entertai…,Drama,"$22,517 ","2,458"
200,A Soldier’s Story 2: Return…,6/26/2021,Indican Pictures,Action,"$21,543 ","2,351"
202,Mandibles,7/23/2021,Magnolia Pictures,Comedy,"$19,913 ","2,173"
203,Delete History,3/19/2021,Mongrel Media,Comedy,"$19,390 ","2,116"
204,Mystery of the Kingdom of God,3/26/2021,Atlas Distribution,Adventure,"$17,316 ","1,890"
205,"Ma Belle, My Beauty",8/20/2021,Good Deed Enterta…,Drama,"$17,133 ","1,870"
206,How It Ends,7/20/2021,United Artists,Comedy,"$16,104 ","1,758"
207,First Date,7/2/2021,Magnolia Pictures,Comedy,"$15,974 ","1,743"
208,Equal Standard,5/7/2021,Mutiny Pictures,Action,"$15,938 ","1,739"
209,Even in Dreams,8/6/2021,Purdie Distribution,Drama,"$15,671 ","1,710"
210,No Ordinary Man,7/16/2021,Oscilloscope Pict…,Documentary,"$15,508 ","1,693"
212,We Broke Up,4/16/2021,Vertical Entertai…,Romantic Comedy,"$15,063 ","1,644"
213,Never Gonna Snow Again,7/30/2021,Kino Lorber,Comedy,"$14,956 ","1,632"
214,Death of a Ladies’ Man,3/12/2021,Mongrel Media,Drama,"$14,032 ","1,531"
215,American Traitor: The Trial…,5/28/2021,Vertical Entertai…,Drama,"$14,000 ","1,528"
216,Secret Agent Dingledorf and…,7/23/2021,Atlas Distribution,Comedy,"$13,760 ","1,502"
217,Bring Your Own Brigade,8/6/2021,Paramount Pictures,Documentary,"$13,375 ","1,460"
218,Stray,3/5/2021,Magnolia Pictures,Documentary,"$13,325 ","1,454"
219,Lydia Lunch: The War is Nev…,6/30/2021,Kino Lorber,Documentary,"$12,797 ","1,397"
220,Lorelei,7/30/2021,Vertical Entertai…,Drama,"$12,642 ","1,380"
221,State Funeral,5/7/2021,MUBI,Documentary,"$12,424 ","1,356"
222,The Meaning of Hitler,8/13/2021,IFC Films,Documentary,"$12,252 ","1,337"
223,Sweat,6/18/2021,MUBI,Drama,"$11,546 ","1,260"
225,Who You Think I Am,9/3/2021,Cohen Media Group,Drama,"$11,223 ","1,225"
226,The Aerialist,1/29/2021,Indie Rights,Drama,"$11,010 ","1,201"
227,Sabaya,7/30/2021,Self Distributed,Documentary,"$10,450 ","1,140"
228,"Casanova, Last Love",7/14/2021,Dada Films,Drama,"$9,927 ","1,083"
229,Can You Bring It: Bill T. J…,7/16/2021,Kino Lorber,Documentary,"$9,723 ","1,061"
230,The Incredible 25th Year of…,2/12/2021,Indican Pictures,Comedy,"$9,721 ","1,061"
231,Zombie Bro,1/8/2021,Indican Pictures,Comedy,"$9,693 ","1,058"
232,The Hidden Life of Trees,7/23/2021,Mongrel Media,Documentary,"$9,562 ","1,043"
233,All the Streets are Silent:…,7/23/2021,Greenwich,Documentary,"$9,500 ","1,037"
234,Average Joe,1/8/2021,Indican Pictures,Action,"$9,176 ","1,001"
235,Enemies of the State,7/30/2021,IFC Films,Documentary,"$8,495 ",927
236,There Is No Evil,5/14/2021,Kino Lorber,Drama,"$8,063 ",880
237,Yakuza Princess,9/3/2021,Magnolia Pictures,Thriller/Suspense,"$8,056 ",879
238,White as Snow,8/13/2021,Dada Films,Comedy,"$7,881 ",860
239,Prisoners of the Ghostland,9/10/2021,RLJ Entertainment,Action,"$7,264 ",793
240,Final Frequency,6/11/2021,Integrity Releasing,Thriller/Suspense,"$7,098 ",774
241,The Boonies,3/31/2021,Indican Pictures,Horror,"$6,887 ",751
242,Waiting for Rain (비와 당신의 이야…,4/30/2021,Sony Pictures,Drama,"$6,708 ",732
243,Ghost Master,5/14/2021,Indican Pictures,Horror,"$6,136 ",669
244,Angelique’s Isle,2/19/2021,Indican Pictures,Thriller/Suspense,"$6,055 ",661
245,We Need to Do Something,9/3/2021,IFC Midnight,Horror,"$6,009 ",656
246,Dark State,3/19/2021,Atlas Distribution,Thriller/Suspense,"$5,824 ",635
247,Here After,7/23/2021,Vertical Entertai…,Comedy,"$5,612 ",612
248,Tomato Red: Blood Money,1/29/2021,Indican Pictures,Thriller/Suspense,"$5,504 ",600
249,Rock Paper Scissors,7/16/2021,Indican Pictures,Comedy,"$5,497 ",600
250,Two of Us,2/5/2021,Magnolia Pictures,Comedy,"$5,495 ",599
251,Blood Brothers,4/2/2021,Indican Pictures,Thriller/Suspense,"$5,191 ",566
253,Things Don’t Stay Fixed,3/26/2021,Indican Pictures,Drama,"$4,905 ",535
255,Scales,7/9/2021,Variance Films,Drama,"$4,617 ",504
256,Victim of Love,7/23/2021,Indican Pictures,Horror,"$4,612 ",503
257,Bill Traylor: Chasing Ghosts,4/16/2021,Kino Lorber,Documentary,"$4,504 ",491
258,No Place,3/5/2021,Indican Pictures,Action,"$4,194 ",457
260,The Year of the Everlasting…,9/3/2021,Neon,Multiple Genres,"$3,374 ",368
261,Naked Singularity,8/6/2021,Screen Media Films,Drama,"$3,050 ",332
264,A Glitch in the Matrix,2/5/2021,Magnolia Pictures,Documentary,"$2,238 ",244
265,Escape From Auschwitz,5/7/2021,Mongrel Media,Drama,"$2,201 ",240
266,Crack House of the Dead,6/18/2021,Self Distributed,Horror,"$1,816 ",198
269,Skyfire,2/12/2021,Screen Media Films,Action,"$1,105 ",120
271,Slalom,4/9/2021,Kino Lorber,Drama,"$1,052 ",114
272,The Evil Next Door,6/25/2021,Magnet Releasing,Horror,"$1,010 ",110
273,The Unthinkable,5/7/2021,Magnolia Pictures,Action,$974 ,106
274,Elbow Grease,2/19/2021,Self Distributed,Comedy,$917 ,100
278,Funhouse,5/28/2021,Magnet Releasing,Horror,$507 ,55
279,The East,8/13/2021,Magnolia Pictures,Drama,$180 ,19
280,First Signal,6/25/2021,The Ashton Times,Drama,$130 ,14
1,Bad Boys For Life,1/17/2020,Sony Pictures,Action,"$204,417,855 ",22316359
3,Sonic The Hedgehog,2/14/2020,Paramount Pictures,Adventure,"$146,066,470 ",15946121
6,Birds of Prey (And the Fant…,2/7/2020,Warner Bros.,Action,"$84,158,461 ",9187604
7,Dolittle,1/17/2020,Universal,Adventure,"$77,047,065 ",8411251
8,The Invisible Man,2/28/2020,Universal,Horror,"$64,914,050 ",7086686
9,The Call of the Wild,2/21/2020,20th Century Studios,Adventure,"$62,342,368 ",6805935
10,Onward,3/6/2020,Walt Disney,Adventure,"$61,555,145 ",6719993
11,Tenet,9/3/2020,Warner Bros.,Action,"$57,929,000 ",6324126
14,The Gentlemen,1/24/2020,STX Entertainment,Action,"$36,471,796 ",3981637
15,Just Mercy,1/10/2020,Warner Bros.,Drama,"$35,733,621 ",3901050
17,The Croods: A New Age,11/25/2020,Universal,Adventure,"$34,558,715 ",3772785
19,Wonder Woman 1984,12/25/2020,Warner Bros.,Action,"$28,500,000 ",3111353
21,Fantasy Island,2/14/2020,Sony Pictures,Horror,"$26,441,782 ",2886657
22,The New Mutants,8/28/2020,20th Century Studios,Horror,"$23,855,569 ",2604319
23,Like a Boss,1/10/2020,Paramount Pictures,Comedy,"$22,169,514 ",2420252
24,Unhinged,8/21/2020,Solstice Studios,Thriller/Suspense,"$20,831,465 ",2274177
25,The Photograph,2/14/2020,Universal,Drama,"$20,578,185 ",2246526
27,The War with Grandpa,10/9/2020,101 Studios,Comedy,"$18,861,607 ",2059127
28,Underwater,1/10/2020,20th Century Fox,Thriller/Suspense,"$17,291,078 ",1887672
29,The Turning,1/24/2020,Universal,Horror,"$15,472,775 ",1689167
30,Gretel & Hansel,1/31/2020,United Artists,Horror,"$15,347,654 ",1675508
31,Honest Thief,10/16/2020,Open Road,Thriller/Suspense,"$14,163,574 ",1546241
32,The Way Back,3/6/2020,Warner Bros.,Drama,"$13,590,514 ",1483680
33,My Hero Academia: Heroes: R…,2/26/2020,FUNimation,Adventure,"$13,553,826 ",1479675
35,Brahms: The Boy II,2/21/2020,STX Entertainment,Horror,"$12,611,536 ",1376805
37,Impractical Jokers: The Movie,2/21/2020,truTV,Comedy,"$10,466,091 ",1142586
38,I Still Believe,3/13/2020,Lionsgate,Drama,"$10,410,004 ",1136463
39,Emma,2/21/2020,Focus Features,Drama,"$10,055,355 ",1097746
40,Bloodshot,3/13/2020,Sony Pictures,Action,"$10,021,787 ",1094081
41,The Grudge,1/3/2020,Sony Pictures,Horror,"$9,812,035 ",1071182
42,Come Play,10/30/2020,Focus Features,Horror,"$9,564,845 ",1044197
43,Let Him Go,11/6/2020,Focus Features,Thriller/Suspense,"$9,355,765 ",1021371
44,Freaky,11/13/2020,Universal,Horror,"$8,757,960 ",956109
45,Downhill,2/14/2020,Searchlight Pictures,Drama,"$8,287,061 ",904700
47,Weathering With You,1/15/2020,GKIDS,Drama,"$7,798,703 ",851386
52,Monster Hunter,12/18/2020,Sony Pictures,Action,"$6,282,381 ",685849
53,The Hunt,3/13/2020,Universal,Thriller/Suspense,"$5,812,500 ",634552
54,The Rhythm Section,1/31/2020,Paramount Pictures,Thriller/Suspense,"$5,437,971 ",593664
55,News of the World,12/25/2020,Universal,Western,"$5,407,350 ",590322
56,The SpongeBob Movie: Sponge…,8/14/2020,Paramount Pictures,Adventure,"$4,810,790 ",525195
59,The Broken Hearts Gallery,9/11/2020,Sony Pictures,Romantic Comedy,"$4,066,487 ",443939
60,Infidel,9/18/2020,Cloudburst Entert…,Thriller/Suspense,"$4,051,990 ",442356
63,Bill & Ted Face the Music,8/28/2020,United Artists,Comedy,"$3,439,660 ",375508
64,2020 Oscar Shorts,1/29/2020,ShortsHD,Multiple Genres,"$3,304,748 ",360780
65,Fatale,12/18/2020,Lionsgate,Thriller/Suspense,"$3,089,694 ",337302
67,The Empty Man,10/23/2020,20th Century Studios,Horror,"$2,995,698 ",327041
68,My Boyfriend’s Meds,2/21/2020,Lionsgate,Romantic Comedy,"$2,971,116 ",324357
69,The Last Full Measure,1/24/2020,Roadside Attractions,Drama,"$2,949,212 ",321966
71,Words on Bathroom Walls,8/21/2020,Roadside Attractions,Drama,"$2,542,518 ",277567
72,After We Collided,9/11/2020,Roadside Attractions,Drama,"$2,386,483 ",260533
74,The Lodge,2/7/2020,Neon,Horror,"$2,138,907 ",233505
75,Half Brothers,12/4/2020,Focus Features,Comedy,"$2,056,635 ",224523
76,Promising Young Woman,12/25/2020,Focus Features,Black Comedy,"$1,896,080 ",206995
77,The Personal History of Dav…,8/28/2020,Searchlight Pictures,Drama,"$1,876,298 ",204836
78,The Wretched,5/1/2020,IFC Midnight,Horror,"$1,815,440 ",198192
80,The Rental,7/24/2020,IFC Films,Thriller/Suspense,"$1,637,548 ",178771
83,2 Hearts,10/16/2020,Freestyle Releasing,Drama,"$1,349,284 ",147301
85,Train to Busan Presents: Pe…,8/21/2020,Well Go USA,Horror,"$1,224,525 ",133681
86,Met Opera — Agrippina,2/29/2020,Fathom Events,Concert/Perfor…,"$1,150,000 ",125545
87,True to the Game 2: Gena’s …,11/6/2020,Faith Media Distr…,Thriller/Suspense,"$1,117,808 ",122031
88,The Assistant,1/31/2020,Bleecker Street,Drama,"$1,100,310 ",120121
90,Love and Monsters,10/16/2020,Paramount Pictures,Adventure,"$1,070,714 ",116890
91,Relic,7/3/2020,IFC Midnight,Thriller/Suspense,"$1,047,083 ",114310
92,The Tax Collector,8/7/2020,RLJ Entertainment,Action,"$1,044,212 ",113996
94,Becky,6/5/2020,Quiver,Thriller/Suspense,"$1,002,852 ",109481
95,Break the Silence The Movie,9/24/2020,Trafalgar Releasing,Documentary,"$1,000,000 ",109170
96,All My Life,12/4/2020,Universal,Drama,"$909,940 ",99338
100,Met Opera: Wozzeck,1/11/2020,Fathom Events,Concert/Perfor…,"$863,000 ",94213
101,Cut Throat City,7/31/2020,Well Go USA,Drama,"$855,894 ",93438
102,Sarileru Neekevvaru,1/10/2020,Great India Films,Action,"$821,000 ",89628
103,Vanguard,11/20/2020,Gravitas Ventures,Action,"$793,525 ",86629
104,Pinocchio,12/25/2020,Roadside Attractions,Adventure,"$782,555 ",85431
105,Color Out of Space,1/24/2020,RLJ Entertainment,Horror,"$765,561 ",83576
106,Shortcut,9/25/2020,Gravitas Ventures,Horror,"$758,223 ",82775
107,Possessor,10/2/2020,Neon,Thriller/Suspense,"$752,885 ",82192
110,Baaghi 3,3/6/2020,FIP,Action,"$721,439 ",78759
112,The Last Vermeer,11/20/2020,Sony Pictures Cla…,Drama,"$685,380 ",74823
114,The Last Shift,9/25/2020,Sony Pictures,Comedy,"$643,658 ",70268
115,Synchronic,10/23/2020,Well Go USA,Thriller/Suspense,"$636,673 ",69505
117,Chhapaak,1/10/2020,FIP,Drama,"$604,334 ",65975
119,Panga,1/24/2020,FIP,Drama,"$582,720 ",63615
122,Alone,9/18/2020,Magnolia Pictures,Thriller/Suspense,"$538,358 ",58772
123,Followed,6/19/2020,Global View Enter…,Horror,"$538,179 ",58753
126,Kajillionaire,9/25/2020,Focus Features,Drama,"$531,430 ",58016
127,The Call,10/2/2020,Atlas Distribution,Horror,"$516,520 ",56388
128,The Big Ugly,7/24/2020,Vertical Entertai…,Action,"$514,107 ",56125
130,The Forgotten Carols,11/20/2020,Purdie Distribution,Musical,"$501,629 ",54762
131,Spell,10/30/2020,Paramount Pictures,Horror,"$500,104 ",54596
132,Ava,9/25/2020,Vertical Entertai…,Action,"$497,747 ",54339
133,CatVideoFest,2/21/2020,Oscilloscope Pict…,Documentary,"$478,775 ",52268
135,Once Were Brothers: Robbie …,2/21/2020,Magnolia Pictures,Documentary,"$449,561 ",49078
137,Infamous,6/12/2020,Vertical Entertai…,Action,"$429,148 ",46850
138,Tulsa,8/21/2020,Self Distributed,Drama,"$413,522 ",45144
139,Buddy Games,11/20/2020,Paramount Pictures,Comedy,"$405,904 ",44312
140,Yellow Rose,10/8/2020,Sony Pictures,Drama,"$367,849 ",40158
141,The Kid Detective,10/16/2020,Sony Pictures,Black Comedy,"$364,138 ",39753
142,Greed,2/28/2020,Sony Pictures Cla…,Comedy,"$355,308 ",38789
144,Ride Your Wave,2/19/2020,GKIDS,Comedy,"$332,432 ",36291
145,Les Misérables,1/10/2020,Amazon Studios,Drama,"$330,181 ",36045
146,Ordinary Love,2/14/2020,Bleecker Street,Drama,"$323,688 ",35337
148,Save Yourselves!,10/2/2020,Bleecker Street,Comedy,"$301,162 ",32877
149,The Informer,11/6/2020,Aviron Pictures,Thriller/Suspense,"$300,460 ",32801
151,The Traitor,1/31/2020,Sony Pictures Cla…,Drama,"$296,027 ",32317
154,Created Equal: Clarence Tho…,1/31/2020,Manifold Productions,Documentary,"$282,149 ",30802
155,Missão: Vingança,11/13/2020,Saban Films,Black Comedy,"$278,378 ",30390
157,"Mafia, Inc.",2/14/2020,Films Seville,Drama,"$264,552 ",28881
159,The Climb,11/13/2020,Sony Pictures Cla…,Drama,"$234,429 ",25592
160,The Secrets We Keep,9/16/2020,Bleecker Street,Thriller/Suspense,"$231,119 ",25231
162,Legend of Deification,10/1/2020,Well Go USA,Adventure,"$214,670 ",23435
164,Wild Mountain Thyme,12/11/2020,Bleecker Street,Drama,"$213,441 ",23301
165,Beanpole,1/29/2020,Kino Lorber,Drama,"$196,258 ",21425
166,The Doors: Break on Thru — …,2/12/2020,Trafalgar Releasing,Documentary,"$186,920 ",20406
167,The Wolf of Snow Hollow,10/9/2020,Orion Classics,Horror,"$185,026 ",20199
168,Come Away,11/13/2020,Relativity,Drama,"$184,477 ",20139
171,And Then We Danced,2/7/2020,Music Box Films,Drama,"$177,262 ",19351
172,No Escape,9/18/2020,Vertical Entertai…,Horror,"$167,962 ",18336
173,Extra Ordinary,3/6/2020,Cranked Up Films,Horror,"$164,346 ",17941
175,Ammonite,11/13/2020,Neon,Drama,"$160,930 ",17568
176,A Call to Spy,10/2/2020,IFC Films,Drama,"$159,014 ",17359
177,The Dark and The Wicked,11/6/2020,RLJ Entertainment,Horror,"$152,261 ",16622
178,The Burnt Orange Heresy,3/6/2020,Sony Pictures Cla…,Thriller/Suspense,"$144,201 ",15742
179,Always & Forever,11/20/2020,RLJ Entertainment,Thriller/Suspense,"$144,161 ",15738
180,Wendy,2/28/2020,Searchlight Pictures,Drama,"$143,518 ",15667
181,Incitement,1/31/2020,Greenwich,Thriller/Suspense,"$140,306 ",15317
182,Archive,7/10/2020,Vertical Entertai…,,"$139,593 ",15239
183,Burden,2/28/2020,101 Studios,Drama,"$139,270 ",15204
184,Lupin III: The First,10/18/2020,GKIDS,Adventure,"$139,066 ",15181
185,The Nest,9/18/2020,IFC Films,Drama,"$137,852 ",15049
186,Beneath Us,3/6/2020,NME,Horror,"$137,260 ",14984
188,The Times of Bill Cunningham,2/14/2020,Greenwich,Documentary,"$134,288 ",14660
191,Saint Frances,2/28/2020,Oscilloscope Pict…,Multiple Genres,"$127,275 ",13894
192,Corpus Christi,2/14/2020,Film Movement,Drama,"$127,240 ",13890
193,The Man Standing Next,1/24/2020,Capelight Pictures,Thriller/Suspense,"$113,527 ",12393
194,Murder in the Woods,8/14/2020,Rezinate Entertai…,Horror,"$109,299 ",11932
196,Hope Gap,3/6/2020,Roadside Attractions,Drama,"$104,732 ",11433
199,Archenemy,12/11/2020,RLJ Entertainment,Action,"$101,360 ",11065
200,Made in Italy,8/7/2020,IFC Films,Drama,"$101,339 ",11063
201,First Cow,3/6/2020,A24,Drama,"$101,068 ",11033
202,The Silencing,8/14/2020,Saban Films,Thriller/Suspense,"$100,746 ",10998
204,Come to Daddy,2/7/2020,Saban Films,Black Comedy,"$96,713 ",10558
205,Tesla,8/21/2020,IFC Films,Drama,"$93,147 ",10168
208,First Lady,2/14/2020,ArtAffects,Romantic Comedy,"$89,885 ",9812
210,StarDog and TurboCat,6/19/2020,Vivafilm,Adventure,"$80,496 ",8787
211,Percy,10/9/2020,Mongrel Media,Drama,"$76,511 ",8352
213,Pray: The Story of Patrick …,10/9/2020,ArtAffects,Documentary,"$72,347 ",7898
214,How to Build a Girl,5/8/2020,IFC Films,Comedy,"$70,632 ",7710
216,We Summon the Darkness,5/22/2020,Saban Films,Horror,"$60,794 ",6636
217,My Brothers’ Crossing,9/3/2020,Atlas Distribution,Drama,"$59,390 ",6483
218,Summerland,7/31/2020,IFC Films,Drama,"$58,434 ",6379
219,Bacurau,3/6/2020,Kino Lorber,Action,"$58,115 ",6344
222,The Dissident,12/25/2020,Briarcliffe Enter…,Documentary,"$57,000 ",6222
223,The Whistlers,2/28/2020,Magnolia Pictures,Comedy,"$55,608 ",6070
224,A Simple Wedding,2/14/2020,Blue Fox Entertai…,Romantic Comedy,"$54,415 ",5940
227,Miss Fisher & The Crypt Of …,3/13/2020,Acorn TV,Adventure,"$51,032 ",5571
228,Henchmen,10/2/2020,Entertainment One,Adventure,"$49,676 ",5423
229,The Way I See it,9/18/2020,Focus Features,Documentary,"$49,030 ",5352
230,VHYes,1/12/2020,Oscilloscope Pict…,Comedy,"$47,037 ",5135
231,Enter the Fat Dragon,2/14/2020,Well Go USA,Action,"$46,855 ",5115
236,Three Christs,1/10/2020,IFC Films,Drama,"$37,788 ",4125
237,Other Music,4/17/2020,Oscilloscope Pict…,Documentary,"$37,191 ",4060
238,Solo Brathuke So Better,12/25/2020,Zee Studios,Drama,"$35,000 ",3820
239,Juvenile Delinquents,8/7/2020,Atlas Distribution,Drama,"$34,292 ",3743
240,Best of Catvideofest,4/3/2020,Oscilloscope Pict…,Documentary,"$34,287 ",3743
242,True History Of The Kelly Gang,4/24/2020,IFC Films,Drama,"$33,816 ",3691
243,Swallow,3/6/2020,IFC Films,Thriller/Suspense,"$33,419 ",3648
246,Embattled,11/20/2020,IFC Films,Drama,"$32,259 ",3521
247,Nick Mason’s Saucerful of S…,3/10/2020,Trafalgar Releasing,Concert/Perfor…,"$31,739 ",3464
248,Max Winslow and the House o…,5/29/2020,3DLive,Thriller/Suspense,"$31,252 ",3411
249,After Parkland,2/12/2020,Kino Lorber,Documentary,"$30,444 ",3323
250,Rent-A-Pal,9/11/2020,IFC Midnight,Horror,"$29,615 ",3233
251,Olympic Dreams,2/14/2020,IFC Films,Romantic Comedy,"$29,450 ",3215
252,Tread,2/21/2020,Gravitas Ventures,Documentary,"$29,136 ",3180
253,Buffaloed,2/14/2020,Magnolia Pictures,Comedy,"$29,118 ",3178
255,Spree,8/14/2020,RLJ Entertainment,Black Comedy,"$28,771 ",3140
256,Sorry We Missed You,3/6/2020,Zeitgeist,Drama,"$28,273 ",3086
257,Cane River,2/7/2020,Oscilloscope Pict…,Drama,"$27,317 ",2982
258,José,1/31/2020,Outsider,Drama,"$26,563 ",2899
259,Zombi Child,1/24/2020,Film Movement,Adventure,"$25,878 ",2825
260,The Booksellers,3/6/2020,Greenwich,Documentary,"$25,694 ",2805
261,Unsubscribe,6/10/2020,Self Distributed,,"$25,488 ",2782
262,Disappearance at Clifton Hill,2/28/2020,IFC Midnight,Thriller/Suspense,"$25,084 ",2738
263,Heart of Africa,3/13/2020,Purdie Distribution,Drama,"$24,139 ",2635
264,Premature,2/21/2020,IFC Films,Drama,"$23,071 ",2518
267,The Innocent (1979) (Re-Rel…,2/14/2020,Film Movement,Drama,"$22,549 ",2461
269,Tar,10/2/2020,Howling Wolf Prod…,Horror,"$22,307 ",2435
270,I Propose We Never See Each…,8/28/2020,Mongrel Media,Romantic Comedy,"$21,757 ",2375
271,Pandora and the Flying Dutc…,2/7/2020,Cohen Media Group,Drama,"$21,536 ",2351
272,Hunter Hunter,12/18/2020,IFC Films,Horror,"$21,296 ",2324
273,Young Ahmed,2/21/2020,Kino Lorber,Drama,"$21,291 ",2324
274,The Cordillera of Dreams,2/12/2020,Icarus Films,Documentary,"$20,943 ",2286
275,Lore,1/17/2020,Indican Pictures,Thriller/Suspense,"$20,006 ",2184
276,Quarantine Cat Film Fest,6/19/2020,Row House Cinema,Documentary,"$20,000 ",2183
280,Foster Boy,9/18/2020,Gravitas Ventures,Drama,"$19,046 ",2079
281,Sputnik,8/14/2020,IFC Midnight,Horror,"$18,853 ",2058
282,The Jesus Rolls,2/28/2020,Screen Media Films,Comedy,"$18,169 ",1983
283,Sh*thouse,10/16/2020,IFC Films,Comedy,"$18,148 ",1981
287,"Never, Rarely, Sometimes, A…",3/13/2020,Focus Features,Drama,"$16,565 ",1808
288,Centigrade,8/28/2020,IFC Films,Thriller/Suspense,"$16,263 ",1775
289,Made in Hong Kong,3/6/2020,Metrograph Pictures,Comedy,"$16,255 ",1774
291,Strike,3/27/2020,Indican Pictures,Adventure,"$15,758 ",1720
292,Counter Column,10/16/2020,Not That Kind of …,Drama,"$15,527 ",1695
293,Zappa,11/27/2020,Magnolia Pictures,Documentary,"$15,502 ",1692
294,Vitalina Varela,2/21/2020,Grasshopper Film,Drama,"$14,941 ",1631
295,"I Was at Home, But…",2/14/2020,Cinema Guild,Drama,"$14,078 ",1536
296,Pahokee,4/24/2020,Monument Releasing,Documentary,"$13,250 ",1446
297,The Wild Goose Lake,3/6/2020,Film Movement,Thriller/Suspense,"$12,573 ",1372
298,Killer Raccoons 2: Dark Chr…,7/31/2020,Indican Pictures,Comedy,"$12,382 ",1351
299,Those Who Remained,2/14/2020,Menemsha Entertai…,Drama,"$11,862 ",1294
301,Twiceborn,10/16/2020,Freestyle Releasing,Drama,"$11,527 ",1258
303,Powerbomb,3/6/2020,Indican Pictures,Thriller/Suspense,"$11,319 ",1235
304,Lost in America,2/28/2020,Indican Pictures,Documentary,"$11,301 ",1233
306,You go to my Head,2/14/2020,First Run Features,Drama,"$10,683 ",1166
307,Circles: The Restorative Ju…,5/15/2020,Indican Pictures,Documentary,"$10,260 ",1120
308,Coded Bias,11/11/2020,7th Empire Media,Documentary,"$10,236 ",1117
309,The Last Tree,6/26/2020,ArtMattan Product…,Drama,"$10,128 ",1105
310,Guest Artist,7/10/2020,Indican Pictures,Drama,"$10,017 ",1093
311,Foosballers,2/11/2020,Kicking and Scree…,Documentary,"$9,966 ",1087
312,The Truth,7/3/2020,IFC Films,Drama,"$9,619 ",1050
313,Just One More Kiss,2/21/2020,Indican Pictures,Drama,"$9,130 ",996
314,Stardust,11/25/2020,IFC Films,Drama,"$9,087 ",992
315,Kindred,11/6/2020,IFC Midnight,Thriller/Suspense,"$8,921 ",973
316,The Trip to Greece,5/22/2020,IFC Films,Comedy,"$8,340 ",910
317,Inside the Rain,3/13/2020,Sky Island,Romantic Comedy,"$8,140 ",888
318,The Wave,1/17/2020,Epic Pictures Group,Thriller/Suspense,"$8,101 ",884
320,Advocate,1/3/2020,Film Movement,Documentary,"$7,790 ",850
322,The Bra,10/16/2020,Indican Pictures,Comedy,"$7,742 ",845
323,I Am Greta,10/16/2020,Mongrel Media,Documentary,"$7,574 ",826
324,Lie Exposed,3/6/2020,Mongrel Media,Drama,"$7,467 ",815
325,Resistance,4/17/2020,IFC Films,Drama,"$7,464 ",814
327,What We Found,7/31/2020,Freestyle Releasing,Thriller/Suspense,"$6,975 ",761
328,I Am Lisa,10/9/2020,Mutiny Pictures,Horror,"$6,949 ",758
329,12 Hour Shift,10/2/2020,Magnolia Pictures,Thriller/Suspense,"$6,820 ",744
330,Human Capital,7/17/2020,Vertical Entertai…,Drama,"$6,596 ",720
331,Afterward,1/10/2020,Abramorama Films,Documentary,"$6,477 ",707
332,In the Life of Music,8/14/2020,Indican Pictures,Drama,"$6,181 ",674
333,Blood Widow,1/17/2020,Indican Pictures,Thriller/Suspense,"$6,047 ",660
334,The Other Lamb,4/3/2020,IFC Films,Drama,"$6,024 ",657
335,Find Your Voice,9/11/2020,Indican Pictures,Comedy,"$6,019 ",657
338,Sex and the Future,6/5/2020,Indican Pictures,Comedy,"$5,727 ",625
339,Human Nature,3/13/2020,Greenwich,Documentary,"$5,487 ",599
340,Bang Bang,10/23/2020,Indican Pictures,Drama,"$5,042 ",550
341,Alice,5/15/2020,Monument Releasing,Comedy,"$5,000 ",545
342,Ottolenghi and the Cakes of…,9/25/2020,IFC Films,Documentary,"$4,962 ",541
343,Last Call,9/18/2020,K Street Pictures,Drama,"$4,894 ",534
344,Farewell Amor,12/11/2020,IFC Films,Drama,"$4,689 ",511
346,No Ordinary Love,10/24/2020,Self Distributed,Thriller/Suspense,"$4,656 ",508
347,Babyteeth,6/19/2020,IFC Films,Drama,"$4,507 ",492
348,Monero Means Money: Cryptoc…,4/10/2020,"rCryptoCurrency, LLC",Documentary,"$4,470 ",487
351,Dear Santa,12/4/2020,IFC Films,Documentary,"$4,109 ",448
352,Straight Up,2/28/2020,Strand,Romantic Comedy,"$4,075 ",444
355,King’s Gambit,3/6/2020,Indican Pictures,Thriller/Suspense,"$3,816 ",416
356,The Roads Not Taken,4/10/2020,Bleecker Street,Drama,"$3,518 ",384
357,IP Man: Kung Fu Master,12/11/2020,Magnet Pictures,Action,"$3,439 ",375
361,A Rainy Day in New York,10/9/2020,Amazon Studios,Romantic Comedy,"$2,744 ",299
362,Crock of Gold: A Few Rounds…,12/4/2020,Magnolia Pictures,Documentary,"$2,455 ",268
364,Horror Nights,4/24/2020,Southern Sykos Pr…,Horror,"$2,415 ",263
365,Goldie,2/21/2020,Film Movement,Drama,"$2,302 ",251
366,"Amigo Skate, Cuba",11/20/2020,Indican Pictures,Documentary,"$2,232 ",243
367,The Shade Shepherd,10/16/2020,Indican Pictures,Thriller/Suspense,"$2,116 ",231
368,The Transcendents,6/26/2020,Indican Pictures,Thriller/Suspense,"$2,041 ",222
369,A Mermaid in Paris,10/16/2020,Sony Pictures,Romantic Comedy,"$1,988 ",217
370,The Bay of Silence,8/14/2020,Vertical Entertai…,Thriller/Suspense,"$1,941 ",211
373,The Fox Hunter,6/5/2020,Indican Pictures,Comedy,"$1,577 ",172
375,The Painted Bird,7/17/2020,IFC Films,Drama,"$1,460 ",159
377,Queen of the Capital,6/20/2020,Mutiny Pictures,Documentary,"$1,269 ",138
379,Evergreen,12/23/2020,Indican Pictures,Drama,"$1,193 ",130
380,Fear PHarm,9/11/2020,Indican Pictures,Comedy,"$1,157 ",126
382,Hai Tang Hong,2/21/2020,M Star International,Drama,"$1,107 ",120
384,Parallel Policy,12/20/2020,Gathr Films,Documentary,"$1,070 ",116
388,Another Round,12/18/2020,Mongrel Media,Drama,$938 ,102
389,10 Days With Dad,11/20/2020,Distrib Films,Comedy,$856 ,93
391,Night Shift,11/20/2020,Distrib Films,Drama,$534 ,58
393,Granny Nanny,11/27/2020,Distrib Films,Comedy,$432 ,47
394,Sol,11/20/2020,Distrib Films,Comedy,$327 ,35
395,Love by Drowning,11/6/2020,Dow Jazz Films,Drama,$267 ,29
396,St. Patrick’s Day,12/18/2020,Self Distributed,Educational,$260 ,28
397,It’s For Your Own Good,11/27/2020,Distrib Films,Comedy,$256 ,27
